frame,x0,y0,z0,vx0,vy0,vz0,sdf0,nx0,ny0,nz0,md0,u0,v0,x1,y1,z1,vx1,vy1,vz1,sdf1,nx1,ny1,nz1,md1,u1,v1,x2,y2,z2,vx2,vy2,vz2,sdf2,nx2,ny2,nz2,md2,u2,v2,x3,y3,z3,vx3,vy3,vz3,sdf3,nx3,ny3,nz3,md3,u3,v3,x4,y4,z4,vx4,vy4,vz4,sdf4,nx4,ny4,nz4,md4,u4,v4,x5,y5,z5,vx5,vy5,vz5,sdf5,nx5,ny5,nz5,md5,u5,v5,x6,y6,z6,vx6,vy6,vz6,sdf6,nx6,ny6,nz6,md6,u6,v6,x7,y7,z7,vx7,vy7,vz7,sdf7,nx7,ny7,nz7,md7,u7,v7,x8,y8,z8,vx8,vy8,vz8,sdf8,nx8,ny8,nz8,md8,u8,v8,x9,y9,z9,vx9,vy9,vz9,sdf9,nx9,ny9,nz9,md9,u9,v9,x10,y10,z10,vx10,vy10,vz10,sdf10,nx10,ny10,nz10,md10,u10,v10,x11,y11,z11,vx11,vy11,vz11,sdf11,nx11,ny11,nz11,md11,u11,v11,x12,y12,z12,vx12,vy12,vz12,sdf12,nx12,ny12,nz12,md12,u12,v12,x13,y13,z13,vx13,vy13,vz13,sdf13,nx13,ny13,nz13,md13,u13,v13,x14,y14,z14,vx14,vy14,vz14,sdf14,nx14,ny14,nz14,md14,u14,v14,x15,y15,z15,vx15,vy15,vz15,sdf15,nx15,ny15,nz15,md15,u15,v15,x16,y16,z16,vx16,vy16,vz16,sdf16,nx16,ny16,nz16,md16,u16,v16,x17,y17,z17,vx17,vy17,vz17,sdf17,nx17,ny17,nz17,md17,u17,v17,x18,y18,z18,vx18,vy18,vz18,sdf18,nx18,ny18,nz18,md18,u18,v18,x19,y19,z19,vx19,vy19,vz19,sdf19,nx19,ny19,nz19,md19,u19,v19,x20,y20,z20,vx20,vy20,vz20,sdf20,nx20,ny20,nz20,md20,u20,v20,x21,y21,z21,vx21,vy21,vz21,sdf21,nx21,ny21,nz21,md21,u21,v21,x22,y22,z22,vx22,vy22,vz22,sdf22,nx22,ny22,nz22,md22,u22,v22,x23,y23,z23,vx23,vy23,vz23,sdf23,nx23,ny23,nz23,md23,u23,v23,x24,y24,z24,vx24,vy24,vz24,sdf24,nx24,ny24,nz24,md24,u24,v24
0,0.1400038,-48.67612,24.86642,-19.50266,2408.146,-1243.092,55.1318,-0.04351197,-0.8934841,0.4469821,3.402823E+38,0.75,0,0.1400076,-23.66602,49.86103,-32.00016,1170.584,-2493.466,55.19448,-0.04346293,-0.4434195,0.8952597,3.402823E+38,1,0.25,0.1400076,-48.65751,49.86312,-32.00121,2408.41,-2493.135,69.93465,-0.03436726,-0.7054413,0.7079346,3.402823E+38,1,0,0.1400038,-23.66719,24.85954,-19.49923,1171.106,-1243.221,34.6256,-0.06891411,-0.7031109,0.7077329,3.402823E+38,0.75,0.25,0.14,-48.66656,-0.1433894,-6.997566,2408.34,6.715672,49.25569,-0.04865078,-0.9988117,-0.002881869,3.402823E+38,0.5,0,0.1400076,1.339184,49.86305,-32.00117,-66.76208,-2493.376,49.42273,-0.04848784,0.006193257,0.9988045,3.402823E+38,1,0.5,0.14,-23.66156,-0.1326813,-7.002921,1170.78,6.903524,24.31029,-0.09756651,-0.9952146,-0.005347833,3.402823E+38,0.5,0.25,0.1399962,-48.67017,-25.1409,5.501382,2408.467,1256.91,55.24971,-0.04342008,-0.8914874,-0.4509601,3.402823E+38,0.25,0,0.1400038,1.332186,24.86388,-19.5014,-66.61987,-1243.18,24.48327,-0.09689082,0.01209552,0.9952215,3.402823E+38,0.75,0.5,0.1400076,26.32831,49.86309,-32.00119,-1303.731,-2492.672,55.46599,-0.04325208,0.45203,0.8909535,3.402823E+38,1,0.75,0.1399962,-23.66725,-25.1339,5.497885,1171.058,1256.933,34.82034,-0.06853435,-0.6992357,-0.7115985,3.402823E+38,0.25,0.25,0.1399924,-48.6556,-50.14194,18.0021,2408.703,2506.523,70.13096,-0.03427195,-0.7034535,-0.7099146,3.402823E+38,0,0,0.1399924,-23.6645,-50.13448,17.99837,1170.822,2507.165,55.43876,-0.04327341,-0.441456,-0.8962388,3.402823E+38,0,0.25,0.1400038,26.32861,24.85791,-19.49841,-1303.857,-1242.925,35.04989,-0.06809162,0.7116367,0.6992401,3.402823E+38,0.75,0.75,0.1400076,51.33,49.8615,-32.0004,-2541.501,-2493.076,70.36691,-0.03415763,0.7097812,0.7035936,0,1,1,0.1400038,51.33,24.86149,-19.5002,-2541.501,-1243.075,55.66087,-0.04310206,0.8956414,0.4426835,0,0.75,1,0.14,1.326516,-0.1410852,-6.998718,-66.27987,6.664043,1.942824,-0.9909241,0.1213823,-0.05775495,3.402823E+38,0.5,0.5,0.1399962,1.335875,-25.13627,5.49907,-66.62,1256.971,24.75441,-0.09585085,0.01211173,-0.995322,3.402823E+38,0.25,0.5,0.1399924,1.340323,-50.13825,18.00025,-66.58796,2506.772,49.69761,-0.04822263,0.006182028,-0.9988174,3.402823E+38,0,0.5,0.14,26.33225,-0.1347245,-7.001899,-1304.077,6.63241,24.91814,-0.09523331,0.9954408,-0.00530033,3.402823E+38,0.5,0.75,0.14,51.33,-0.1385164,-7.000003,-2541.501,6.925822,49.85841,-0.0480685,0.9988403,-0.002750611,0,0.5,1,0.1399962,26.32501,-25.13943,5.500646,-1304.28,1256.922,35.24476,-0.06772061,0.7076565,-0.7033038,3.402823E+38,0.25,0.75,0.1399924,26.32757,-50.13853,18.00039,-1303.823,2506.872,55.7112,-0.04306367,0.450045,-0.8919669,3.402823E+38,0,0.75,0.1399962,51.33,-25.13853,5.500196,-2541.501,1256.927,55.78406,-0.04300786,0.8936812,-0.4466367,0,0.25,1,0.1399924,51.33,-50.13853,18.00039,-2541.501,2506.928,70.5621,-0.03406402,0.7078316,-0.7055594,0,0,1
1,0.1400038,-48.6643,24.86249,-19.5007,2408.157,-1242.781,55.1065,-0.0377935,-0.8936778,0.4471148,3.402823E+38,0.75,0,0.1400076,-23.67256,49.85857,-31.99893,1171.027,-2493.161,55.18222,-0.03774204,-0.4436347,0.8954127,3.402823E+38,1,0.25,0.1400076,-48.65841,49.85742,-31.99836,2408.499,-2492.803,69.921,-0.02984281,-0.7055908,0.7079908,3.402823E+38,1,0,0.1400038,-23.66451,24.85458,-19.49675,1170.955,-1242.99,34.59965,-0.05987423,-0.7035542,0.7081148,3.402823E+38,0.75,0.25,0.14,-48.66639,-0.1341387,-7.002192,2408.194,6.662167,49.24099,-0.04225023,-0.9991034,-0.002696745,3.402823E+38,0.5,0,0.1400076,1.332099,49.8575,-31.9984,-66.56612,-2493.376,49.40269,-0.04211317,0.006053762,0.9990945,3.402823E+38,1,0.5,0.14,-23.66815,-0.1414063,-6.998558,1170.45,6.755941,24.2878,-0.08478235,-0.9963832,-0.005704672,3.402823E+38,0.5,0.25,0.1399962,-48.66642,-25.13924,5.500555,2408.346,1256.74,55.23269,-0.03770807,-0.8916925,-0.4510683,3.402823E+38,0.25,0,0.1400038,1.339815,24.86904,-19.50398,-66.78535,-1243.394,24.4596,-0.08419862,0.01241266,0.9963717,3.402823E+38,0.75,0.5,0.1400076,26.33224,49.86311,-32.0012,-1304.122,-2493.351,55.45489,-0.03755812,0.45219,0.8911305,3.402823E+38,1,0.75,0.1399962,-23.66644,-25.13731,5.499588,1170.665,1256.806,34.80177,-0.05953163,-0.6995808,-0.7120693,3.402823E+38,0.25,0.25,0.1399924,-48.66898,-50.14203,18.00214,2408.49,2506.786,70.13023,-0.02975462,-0.7036504,-0.7099231,3.402823E+38,0,0,0.1399924,-23.67395,-50.14048,18.00137,1170.956,2506.862,55.43541,-0.03757147,-0.4416514,-0.8963997,3.402823E+38,0,0.25,0.1400038,26.32477,24.85809,-19.4985,-1304.231,-1243.279,35.02698,-0.05915404,0.7119876,0.699696,3.402823E+38,0.75,0.75,0.1400076,51.33,49.8615,-32.0004,-2541.501,-2493.076,70.35674,-0.02965929,0.7098832,0.7036946,0,1,1,0.1400038,51.33,24.86149,-19.5002,-2541.501,-1243.075,55.64803,-0.037429,0.8958464,0.4427848,0,0.75,1,0.14,1.327505,-0.1364243,-7.001049,-66.35092,6.882807,1.626902,-0.9880891,0.1398774,-0.06414229,3.402823E+38,0.5,0.5,0.1399962,1.337075,-25.13269,5.497281,-66.78117,1256.645,24.72228,-0.08332206,0.01217475,-0.9964483,3.402823E+38,0.25,0.5,0.1399924,1.329294,-50.13095,17.9966,-66.67678,2506.683,49.67588,-0.04188418,0.005964895,-0.9991046,3.402823E+38,0,0.5,0.14,26.33036,-0.1379493,-7.000287,-1304.059,6.820339,24.88787,-0.08277845,0.9965532,-0.005433669,3.402823E+38,0.5,0.75,0.14,51.33,-0.1385164,-7.000003,-2541.501,6.925822,49.84408,-0.0417441,0.9991245,-0.002751394,0,0.5,1,0.1399962,26.32406,-25.14159,5.501726,-1303.938,1256.58,35.22541,-0.05882569,0.7080129,-0.7037451,3.402823E+38,0.25,0.75,0.1399924,26.33175,-50.13986,18.00106,-1303.714,2506.789,55.70143,-0.03739364,0.4501976,-0.8921456,3.402823E+38,0,0.75,0.1399962,51.33,-25.13853,5.500196,-2541.501,1256.927,55.77124,-0.03734718,0.8938847,-0.4467384,0,0.25,1,0.1399924,51.33,-50.13853,18.00039,-2541.501,2506.928,70.55195,-0.02957802,0.7079328,-0.7056602,0,0,1
2,0.1400038,-48.66108,24.86377,-19.50134,2407.857,-1243.04,55.09306,-0.03207104,-0.8938359,0.4472458,3.402823E+38,0.75,0,0.1400076,-23.66452,49.86383,-32.00156,1170.495,-2493.294,55.17226,-0.03202535,-0.4435696,0.8956676,3.402823E+38,1,0.25,0.1400076,-48.66376,49.8692,-32.00425,2407.705,-2493.317,69.92432,-0.02531687,-0.7056335,0.7081246,3.402823E+38,1,0,0.1400038,-23.66596,24.85854,-19.49872,1170.72,-1243.083,34.58584,-0.05081615,-0.7038726,0.7085062,3.402823E+38,0.75,0.25,0.14,-48.66682,-0.13584,-7.001341,2408.045,6.98869,49.22898,-0.03585296,-0.9993533,-0.002731608,3.402823E+38,0.5,0,0.1400076,1.337899,49.86882,-32.00406,-67.11936,-2493.255,49.40163,-0.03572876,0.006170121,0.9993425,3.402823E+38,1,0.5,0.14,-23.66522,-0.1428666,-6.997828,1170.32,6.75844,24.25991,-0.07200879,-0.9973873,-0.005770079,3.402823E+38,0.5,0.25,0.1399962,-48.66212,-25.13162,5.496744,2408.587,1256.803,55.21431,-0.03200138,-0.8919095,-0.4510802,3.402823E+38,0.25,0,0.1400038,1.336525,24.86795,-19.50343,-66.94402,-1243.312,24.43367,-0.07150682,0.01229361,0.9973644,3.402823E+38,0.75,0.5,0.1400076,26.33233,49.85989,-31.99959,-1303.721,-2493.053,55.441,-0.0318715,0.4523039,0.8912942,3.402823E+38,1,0.75,0.1399962,-23.66513,-25.1384,5.500135,1170.974,1256.85,34.7841,-0.05053083,-0.699894,-0.7124571,3.402823E+38,0.25,0.25,0.1399924,-48.65991,-50.13957,18.00091,2408.534,2507.067,70.11333,-0.02524932,-0.7036902,-0.7100582,3.402823E+38,0,0,0.1399924,-23.66657,-50.13924,18.00075,1170.972,2506.78,55.41997,-0.03188376,-0.4416413,-0.896625,3.402823E+38,0,0.25,0.1400038,26.32531,24.85524,-19.49707,-1303.807,-1242.978,35.00795,-0.05021206,0.7123845,0.6999909,3.402823E+38,0.75,0.75,0.1400076,51.33,49.8615,-32.0004,-2541.501,-2493.076,70.348,-0.02516547,0.7099707,0.7037814,0,1,1,0.1400038,51.33,24.86149,-19.5002,-2541.501,-1243.075,55.637,-0.03176029,0.8960223,0.4428718,0,0.75,1,0.14,1.326324,-0.1377387,-7.000391,-66.39839,6.82328,1.312629,-0.9836162,0.1634777,-0.07598834,3.402823E+38,0.5,0.5,0.1399962,1.335418,-25.13293,5.497397,-66.68577,1256.821,24.69794,-0.07075717,0.01212076,-0.99742,3.402823E+38,0.25,0.5,0.1399924,1.334859,-50.13296,17.99761,-66.73031,2506.996,49.66558,-0.03554108,0.006077061,-0.9993498,3.402823E+38,0,0.5,0.14,26.33082,-0.1404659,-6.999028,-1304.125,6.859936,24.86395,-0.07029391,0.997511,-0.005538014,3.402823E+38,0.5,0.75,0.14,51.33,-0.1385164,-7.000003,-2541.501,6.925822,49.83178,-0.03542356,0.9993686,-0.002752066,0,0.5,1,0.1399962,26.32751,-25.14454,5.503201,-1303.806,1256.991,35.21261,-0.04992452,0.7083635,-0.7040801,3.402823E+38,0.25,0.75,0.1399924,26.32608,-50.14146,18.00186,-1303.869,2507.036,55.68929,-0.03173093,0.4501939,-0.8923668,3.402823E+38,0,0.75,0.1399962,51.33,-25.13853,5.500196,-2541.501,1256.927,55.76024,-0.03169085,0.8940595,-0.4468258,0,0.25,1,0.1399924,51.33,-50.13853,18.00039,-2541.501,2506.928,70.54324,-0.02509653,0.7080196,-0.7057468,0,0,1
3,0.1400038,-48.67768,24.86068,-19.49979,2408.397,-1242.823,55.09717,-0.02630084,-0.8940685,0.4471573,3.402823E+38,0.75,0,0.1400076,-23.67545,49.86956,-32.00443,1171.241,-2493.309,55.17289,-0.02626499,-0.4437609,0.8957602,3.402823E+38,1,0.25,0.1400076,-48.67563,49.86514,-32.00221,2408.813,-2493.088,69.92244,-0.02076395,-0.7058209,0.7080859,3.402823E+38,1,0,0.1400038,-23.67259,24.86627,-19.50259,1170.954,-1243.519,34.58116,-0.04168198,-0.7041555,0.7088213,3.402823E+38,0.75,0.25,0.14,-48.66837,-0.128095,-7.005214,2408.279,6.427106,49.22004,-0.02940979,-0.9995641,-0.002576326,3.402823E+38,0.5,0,0.1400076,1.325614,49.86652,-32.00291,-66.2121,-2493.585,49.38883,-0.02931013,0.005925457,0.9995528,3.402823E+38,1,0.5,0.14,-23.66475,-0.1296201,-7.004451,1170.981,6.74983,24.23834,-0.05910889,-0.9982378,-0.005239643,3.402823E+38,0.5,0.25,0.1399962,-48.67183,-25.13172,5.496792,2408.726,1256.643,55.21367,-0.02624597,-0.8920939,-0.4510871,3.402823E+38,0.25,0,0.1400038,1.331767,24.86704,-19.50298,-66.71294,-1243.197,24.41182,-0.05869711,0.01211341,0.9982024,3.402823E+38,0.75,0.5,0.1400076,26.32525,49.85873,-31.99902,-1304.274,-2492.899,55.42747,-0.02614544,0.4522868,0.8914892,3.402823E+38,1,0.75,0.1399962,-23.67487,-25.13235,5.497107,1170.82,1256.476,34.77185,-0.04145684,-0.7004132,-0.7125326,3.402823E+38,0.25,0.25,0.1399924,-48.67356,-50.13091,17.99658,2408.757,2506.545,70.10942,-0.02070918,-0.7039225,-0.7099748,3.402823E+38,0,0,0.1399924,-23.66723,-50.13502,17.99864,1170.915,2506.479,55.40717,-0.0261552,-0.4417543,-0.8967547,3.402823E+38,0,0.25,0.1400038,26.32519,24.86096,-19.49993,-1303.921,-1243.201,34.99722,-0.04119343,0.7125965,0.7003637,3.402823E+38,0.75,0.75,0.1400076,51.33,49.8615,-32.0004,-2541.501,-2493.076,70.34065,-0.02064137,0.7100443,0.7038544,0,1,1,0.1400038,51.33,24.86149,-19.5002,-2541.501,-1243.075,55.62773,-0.02605222,0.8961703,0.4429449,0,0.75,1,0.14,1.323387,-0.1365958,-7.000963,-66.29238,6.829926,0.9976403,-0.9763732,0.1958993,-0.09120735,3.402823E+38,0.5,0.5,0.1399962,1.325504,-25.13122,5.496544,-66.4449,1256.542,24.67546,-0.05808274,0.01173779,-0.9982428,3.402823E+38,0.25,0.5,0.1399924,1.327392,-50.13658,17.99942,-66.37604,2506.762,49.65878,-0.02915269,0.005929007,-0.9995574,3.402823E+38,0,0.5,0.14,26.32746,-0.1358557,-7.001333,-1304.019,6.819184,24.84004,-0.05770534,0.9983193,-0.005361304,3.402823E+38,0.5,0.75,0.14,51.33,-0.1385164,-7.000003,-2541.501,6.925822,49.82145,-0.0290583,0.9995739,-0.002752631,0,0.5,1,0.1399962,26.32635,-25.13747,5.499669,-1304.258,1257.097,35.19224,-0.04096856,0.7087353,-0.704284,3.402823E+38,0.25,0.75,0.1399924,26.32955,-50.13356,17.99791,-1303.877,2506.745,55.67454,-0.02603072,0.4503739,-0.8924605,3.402823E+38,0,0.75,0.1399962,51.33,-25.13853,5.500196,-2541.501,1256.927,55.75099,-0.02599527,0.8942065,-0.4468992,0,0.25,1,0.1399924,51.33,-50.13853,18.00039,-2541.501,2506.928,70.53591,-0.02058485,0.7080926,-0.7058195,0,0,1
4,0.1400038,-48.6679,24.86831,-19.50361,2408.671,-1243.223,55.08437,-0.02058068,-0.8940984,0.4473974,3.402823E+38,0.75,0,0.1400076,-23.66938,49.86469,-32.00199,1170.981,-2492.982,55.15838,-0.02055324,-0.4437675,0.8959063,3.402823E+38,1,0.25,0.1400076,-48.67034,49.86505,-32.00217,2408.745,-2493.196,69.91275,-0.01624649,-0.7058429,0.7081822,3.402823E+38,1,0,0.1400038,-23.66814,24.87078,-19.50484,1171.003,-1242.852,34.56939,-0.03262002,-0.7042649,0.7091876,3.402823E+38,0.75,0.25,0.14,-48.66842,-0.1410879,-6.998717,2408.531,6.479094,49.21178,-0.02301201,-0.9997312,-0.002838117,3.402823E+38,0.5,0,0.1400076,1.331876,49.86352,-32.00141,-66.50319,-2493.091,49.37755,-0.02293537,0.006052351,0.9997186,3.402823E+38,1,0.5,0.14,-23.66771,-0.1305874,-7.003967,1170.876,6.438929,24.22453,-0.04626853,-0.9989151,-0.005281692,3.402823E+38,0.5,0.25,0.1399962,-48.67453,-25.13742,5.499645,2408.472,1256.603,55.21121,-0.02053396,-0.8921818,-0.4512094,3.402823E+38,0.25,0,0.1400038,1.33543,24.86987,-19.50439,-66.34527,-1243.156,24.39804,-0.04594594,0.01226722,0.9988686,3.402823E+38,0.75,0.5,0.1400076,26.32527,49.85542,-31.99736,-1303.86,-2492.915,55.4171,-0.02045815,0.4523709,0.8915952,3.402823E+38,1,0.75,0.1399962,-23.66997,-25.13355,5.49771,1171.041,1256.635,34.75752,-0.03244618,-0.7005588,-0.7128566,3.402823E+38,0.25,0.25,0.1399924,-48.66865,-50.13454,17.9984,2408.888,2506.542,70.10266,-0.01620301,-0.7039203,-0.7100942,3.402823E+38,0,0,0.1399924,-23.67142,-50.13424,17.99825,1171.032,2506.769,55.40091,-0.02046435,-0.4418787,-0.8968413,3.402823E+38,0,0.25,0.1400038,26.32921,24.86117,-19.50004,-1303.845,-1242.841,34.98854,-0.03223475,0.7128839,0.7005408,3.402823E+38,0.75,0.75,0.1400076,51.33,49.8615,-32.0004,-2541.501,-2493.076,70.3348,-0.01614969,0.710103,0.7039126,0,1,1,0.1400038,51.33,24.86149,-19.5002,-2541.501,-1243.075,55.62034,-0.02038413,0.8962882,0.4430032,0,0.75,1,0.14,1.326656,-0.1345287,-7.001997,-66.36455,7.053442,0.6894391,-0.9617709,0.2494083,-0.1131026,3.402823E+38,0.5,0.5,0.1399962,1.32443,-25.13399,5.497929,-66.49101,1256.58,24.66173,-0.04546474,0.01170148,-0.9988974,3.402823E+38,0.25,0.5,0.1399924,1.330719,-50.1383,18.00028,-66.44339,2506.76,49.65225,-0.02281005,0.005996124,-0.9997218,3.402823E+38,0,0.5,0.14,26.33268,-0.1394839,-6.999519,-1304.015,6.728678,24.82891,-0.04516452,0.9989644,-0.005506906,3.402823E+38,0.5,0.75,0.14,51.33,-0.1385164,-7.000003,-2541.501,6.925822,49.8132,-0.02273693,0.9997377,-0.002753082,0,0.5,1,0.1399962,26.3257,-25.14259,5.50223,-1304.272,1256.979,35.18376,-0.03205861,0.7088853,-0.7045948,3.402823E+38,0.25,0.75,0.1399924,26.33146,-50.1415,18.00188,-1303.817,2506.979,55.6751,-0.02036446,0.4504034,-0.8925929,3.402823E+38,0,0.75,0.1399962,51.33,-25.13853,5.500196,-2541.501,1256.927,55.74362,-0.02033958,0.8943238,-0.4469578,0,0.25,1,0.1399924,51.33,-50.13853,18.00039,-2541.501,2506.928,70.53008,-0.01610551,0.7081508,-0.7058775,0,0,1
5,0.1400038,-48.67289,24.86063,-19.49977,2408.343,-1243.059,55.07969,-0.01476837,-0.8942635,0.447297,3.402823E+38,0.75,0,0.1400076,-23.67231,49.86411,-32.0017,1171.203,-2492.896,55.15345,-0.01474873,-0.4438594,0.8959751,3.402823E+38,1,0.25,0.1400076,-48.67335,49.85572,-31.99751,2408.708,-2492.757,69.90376,-0.01165872,-0.7059758,0.70814,3.402823E+38,1,0,0.1400038,-23.6706,24.85812,-19.49852,1171.009,-1243.111,34.5531,-0.02341652,-0.7046625,0.7091562,3.402823E+38,0.75,0.25,0.14,-48.66799,-0.1412682,-6.998627,2408.739,7.075785,49.20497,-0.01651395,-0.9998596,-0.002842135,3.402823E+38,0.5,0,0.1400076,1.328856,49.85884,-31.99907,-66.46358,-2493.172,49.36649,-0.01646031,0.005993125,0.9998465,3.402823E+38,1,0.5,0.14,-23.67251,-0.1414278,-6.998547,1171.048,6.920705,24.21655,-0.03320954,-0.999432,-0.00572199,3.402823E+38,0.5,0.25,0.1399962,-48.66068,-25.1434,5.502632,2408.54,1257.205,55.19585,-0.01473771,-0.8921792,-0.4514412,3.402823E+38,0.25,0,0.1400038,1.333164,24.86178,-19.50034,-66.76511,-1242.78,24.37717,-0.03299496,0.01218644,0.9993812,3.402823E+38,0.75,0.5,0.1400076,26.32991,49.8609,-32.0001,-1303.795,-2492.844,55.41841,-0.01467884,0.4524432,0.8916724,3.402823E+38,1,0.75,0.1399962,-23.66442,-25.13553,5.498701,1171.026,1256.702,34.74604,-0.02328855,-0.7006297,-0.7131449,3.402823E+38,0.25,0.25,0.1399924,-48.6607,-50.14336,18.00281,2408.298,2507.3,70.09883,-0.01162672,-0.7038459,-0.7102576,3.402823E+38,0,0,0.1399924,-23.66529,-50.13437,17.99831,1170.908,2506.848,55.39263,-0.01468589,-0.4418345,-0.8969764,3.402823E+38,0,0.25,0.1400038,26.32722,24.85705,-19.49798,-1304.096,-1242.599,34.97529,-0.02313784,0.7130942,0.7006863,3.402823E+38,0.75,0.75,0.1400076,51.33,49.8615,-32.0004,-2541.501,-2493.076,70.33031,-0.01158851,0.710148,0.7039571,0,1,1,0.1400038,51.33,24.86149,-19.5002,-2541.501,-1243.075,55.61469,-0.01462757,0.8963786,0.4430479,0,0.75,1,0.14,1.330441,-0.1407751,-6.998873,-66.4856,6.999865,0.3853455,-0.9271242,0.339349,-0.1590059,3.402823E+38,0.5,0.5,0.1399962,1.340781,-25.1373,5.499586,-66.66842,1256.749,24.65262,-0.03263394,0.0123558,-0.999391,3.402823E+38,0.25,0.5,0.1399924,1.340038,-50.1388,18.00053,-66.86877,2506.927,49.64648,-0.01636871,0.006182645,-0.9998469,3.402823E+38,0,0.5,0.14,26.33059,-0.1347868,-7.001868,-1303.818,6.916648,24.81426,-0.03242541,0.99946,-0.005324539,3.402823E+38,0.5,0.75,0.14,51.33,-0.1385164,-7.000003,-2541.501,6.925822,49.80689,-0.01631636,0.999863,-0.002753427,0,0.5,1,0.1399962,26.32418,-25.13612,5.498994,-1303.904,1257.176,35.16923,-0.02301225,0.7091317,-0.7047004,3.402823E+38,0.25,0.75,0.1399924,26.3283,-50.13321,17.99773,-1303.79,2507.06,55.66063,-0.01461581,0.4504633,-0.8926753,3.402823E+38,0,0.75,0.1399962,51.33,-25.13853,5.500196,-2541.501,1256.927,55.73797,-0.01459564,0.8944135,-0.4470027,0,0.25,1,0.1399924,51.33,-50.13853,18.00039,-2541.501,2506.928,70.5256,-0.01155686,0.7081953,-0.7059219,0,0,1
6,0.1400038,-48.66142,24.86624,-19.50257,2408.141,-1243.212,55.06815,-0.00904133,-0.8942428,0.4474908,3.402823E+38,0.75,0,0.1400076,-23.66228,49.85823,-31.99876,1170.738,-2493.332,55.13995,-0.009029594,-0.4437869,0.8960869,3.402823E+38,1,0.25,0.1400076,-48.6602,49.86641,-32.00285,2408.326,-2493.479,69.89906,-0.007136547,-0.7058361,0.7083392,3.402823E+38,1,0,0.1400038,-23.66786,24.8625,-19.5007,1170.776,-1243.214,34.54826,-0.01433481,-0.7046816,0.7093789,3.402823E+38,0.75,0.25,0.14,-48.67205,-0.1280412,-7.00524,2408.726,6.350286,49.20475,-0.01010796,-0.9999456,-0.002576035,3.402823E+38,0.5,0,0.1400076,1.3397,49.86466,-32.00198,-66.51942,-2493.139,49.36816,-0.01007469,0.006210367,0.9999299,3.402823E+38,1,0.5,0.14,-23.66966,-0.1375325,-7.000494,1171.206,6.686368,24.20515,-0.0203364,-0.9997777,-0.005566956,3.402823E+38,0.5,0.25,0.1399962,-48.67548,-25.12567,5.493767,2408.472,1256.374,55.19728,-0.009020506,-0.8924221,-0.4511112,3.402823E+38,0.25,0,0.1400038,1.337054,24.86622,-19.50256,-66.92238,-1243.556,24.37319,-0.02019886,0.01234478,0.9997198,3.402823E+38,0.75,0.5,0.1400076,26.32624,49.86623,-32.00276,-1304.293,-2493.015,55.41773,-0.008984738,0.4523831,0.8917785,3.402823E+38,1,0.75,0.1399962,-23.67682,-25.13992,5.500893,1170.819,1256.944,34.75188,-0.01425222,-0.7008654,-0.7131512,3.402823E+38,0.25,0.25,0.1399924,-48.67239,-50.12875,17.9955,2408.986,2506.261,70.09371,-0.007117085,-0.7040626,-0.7101023,3.402823E+38,0,0,0.1399924,-23.66965,-50.12598,17.99412,1170.911,2506.604,55.38326,-0.008990553,-0.4419866,-0.8969766,3.402823E+38,0,0.25,0.1400038,26.32925,24.86065,-19.49978,-1303.826,-1242.931,34.97332,-0.01416304,0.7131908,0.7008268,3.402823E+38,0.75,0.75,0.1400076,51.33,49.8615,-32.0004,-2541.501,-2493.076,70.32734,-0.007093393,0.7101778,0.7039867,0,1,1,0.1400038,51.33,24.86149,-19.5002,-2541.501,-1243.075,55.61093,-0.00895387,0.8964386,0.4430776,0,0.75,1,0.14,1.327745,-0.1339097,-7.002306,-66.44594,6.73914,0.09916884,-0.8385179,0.4969294,-0.2234924,3.402823E+38,0.5,0.5,0.1399962,1.326115,-25.13668,5.499273,-66.68641,1256.469,24.64344,-0.01998205,0.01177701,-0.999731,3.402823E+38,0.25,0.5,0.1399924,1.325333,-50.13116,17.99671,-66.38788,2506.674,49.63454,-0.01002146,0.005890811,-0.9999324,3.402823E+38,0,0.5,0.14,26.32776,-0.1441509,-6.997186,-1303.948,6.773554,24.80316,-0.01985577,0.9997866,-0.005696952,3.402823E+38,0.5,0.75,0.14,51.33,-0.1385164,-7.000003,-2541.501,6.925822,49.8027,-0.009987809,0.9999463,-0.002753657,0,0.5,1,0.1399962,26.32687,-25.13811,5.499991,-1303.854,1257.021,35.16663,-0.01408649,0.7092586,-0.7048076,3.402823E+38,0.25,0.75,0.1399924,26.33153,-50.14185,18.00205,-1303.906,2506.813,55.66605,-0.008945287,0.4504773,-0.8927431,3.402823E+38,0,0.75,0.1399962,51.33,-25.13853,5.500196,-2541.501,1256.927,55.73423,-0.008934374,0.8944731,-0.4470325,0,0.25,1,0.1399924,51.33,-50.13853,18.00039,-2541.501,2506.928,70.52264,-0.007074103,0.708225,-0.7059515,0,0,1
7,0.1400038,-48.66218,24.85989,-19.4994,2408.175,-1243.186,55.06402,-0.003292149,-0.8943229,0.4474099,3.402823E+38,0.75,0,0.1400076,-23.66726,49.86329,-32.00129,1170.829,-2492.889,55.14473,-0.003287306,-0.4438384,0.8961008,3.402823E+38,1,0.25,0.1400076,-48.65853,49.86338,-32.00134,2408.326,-2493.171,69.89417,-0.002598528,-0.7058614,0.7083452,3.402823E+38,1,0,0.1400038,-23.66558,24.85759,-19.49825,1170.942,-1242.96,34.54004,-0.005220457,-0.7047815,0.7094052,3.402823E+38,0.75,0.25,0.14,-48.66136,-0.1288865,-7.004818,2408.201,6.62682,49.19186,-0.003681263,-0.9999899,-0.002593714,3.402823E+38,0.5,0,0.1400076,1.336492,49.86043,-31.99986,-66.89967,-2493.091,49.36171,-0.003668571,0.006146836,0.9999744,3.402823E+38,1,0.5,0.14,-23.6562,-0.1346202,-7.001951,1170.617,7.061694,24.18725,-0.007409852,-0.9999577,-0.005453025,3.402823E+38,0.5,0.25,0.1399962,-48.664,-25.13064,5.496255,2408.404,1256.823,55.18731,-0.003284998,-0.8923756,-0.4512814,3.402823E+38,0.25,0,0.1400038,1.340132,24.86556,-19.50223,-66.77635,-1243.243,24.36816,-0.007355792,0.01247104,0.9998952,3.402823E+38,0.75,0.5,0.1400076,26.32683,49.86159,-32.00044,-1303.707,-2492.971,55.4119,-0.003271597,0.4524409,0.8917884,3.402823E+38,1,0.75,0.1399962,-23.67101,-25.13861,5.500237,1170.71,1256.866,34.74376,-0.005190497,-0.7008618,-0.7132782,3.402823E+38,0.25,0.25,0.1399924,-48.67301,-50.12746,17.99486,2408.435,2506.741,70.09167,-0.002591474,-0.7040916,-0.7101045,3.402823E+38,0,0,0.1399924,-23.66499,-50.13741,17.99983,1170.964,2507.037,55.3895,-0.003273182,-0.4418538,-0.8970811,3.402823E+38,0,0.25,0.1400038,26.32853,24.85839,-19.49865,-1303.717,-1242.681,34.96813,-0.005157447,0.7132748,0.7008656,3.402823E+38,0.75,0.75,0.1400076,51.33,49.8615,-32.0004,-2541.501,-2493.076,70.3258,-0.002582692,0.7101932,0.704002,0,1,1,0.1400038,51.33,24.86149,-19.5002,-2541.501,-1243.075,55.60898,-0.003260174,0.8964698,0.443093,0,0.75,1,0.14,1.329579,-0.1372693,-7.000627,-66.57197,6.931988,-0.1230999,-0.485351,0.7948512,-0.364206,3.402823E+38,0.5,0.5,0.1399962,1.334135,-25.13256,5.497212,-66.54897,1257.022,24.63506,-0.007277987,0.01210004,-0.9999003,3.402823E+38,0.25,0.5,0.1399924,1.329715,-50.13818,18.00022,-66.44225,2506.86,49.63941,-0.003648557,0.005977639,-0.9999755,3.402823E+38,0,0.5,0.14,26.33153,-0.1382363,-7.000143,-1304.072,6.725634,24.80256,-0.007229656,0.9999589,-0.005463331,3.402823E+38,0.5,0.75,0.14,51.33,-0.1385164,-7.000003,-2541.501,6.925822,49.80053,-0.003636718,0.9999896,-0.002753776,0,0.5,1,0.1399962,26.32795,-25.14272,5.502293,-1303.894,1256.961,35.16758,-0.005128822,0.7092702,-0.7049181,3.402823E+38,0.25,0.75,0.1399924,26.32465,-50.1372,17.99973,-1303.792,2507.074,55.65685,-0.003257599,0.4504286,-0.8928065,3.402823E+38,0,0.75,0.1399962,51.33,-25.13853,5.500196,-2541.501,1256.927,55.73228,-0.003253161,0.8945041,-0.4470479,0,0.25,1,0.1399924,51.33,-50.13853,18.00039,-2541.501,2506.928,70.5211,-0.002575805,0.7082403,-0.7059668,0,0,1
8,-18.5654,-46.23619,21.09048,742.249,2311.847,-1050.228,54.48777,-0.3376667,-0.8595765,0.3835486,3.402823E+38,0.75,0,-7.385905,-23.1925,45.29972,293.7458,1158.568,-2292.032,51.39776,-0.1423576,-0.4667349,0.8728647,3.402823E+38,1,0.25,-1.292675,-47.00431,39.18553,3.320993,2341.63,-2056.905,61.50385,-0.02088275,-0.7746988,0.6319854,3.402823E+38,1,0,-18.79416,-20.93916,22.95976,845.595,1057.604,-1163.263,36.42012,-0.509107,-0.5950459,0.6218765,3.402823E+38,0.75,0.25,-26.62603,-44.18752,-2.96012,1218.846,2218.877,123.3445,52.05897,-0.5066342,-0.8603197,-0.05631998,3.402823E+38,0.5,0,-9.529634,1.53203,48.31311,342.6296,-71.46027,-2420.823,48.74696,-0.1935504,0.01019413,0.9810373,3.402823E+38,1,0.5,-20.26908,-19.97995,-2.274167,935.2878,1013.146,93.23517,28.7833,-0.6922448,-0.717472,-0.07766087,3.402823E+38,0.5,0.25,-14.57145,-46.69658,-24.69219,617.795,2333.875,1211.461,55.17693,-0.2617528,-0.8572057,-0.4434906,3.402823E+38,0.25,0,-13.18203,3.471662,23.81519,601.5812,-158.9453,-1206.589,26.83033,-0.4824004,0.0893389,0.871383,3.402823E+38,0.75,0.5,-4.856935,26.83934,49.54175,148.4007,-1316.82,-2482.359,55.57243,-0.08665702,0.4602858,0.8835313,3.402823E+38,1,0.75,-11.45935,-21.97467,-25.52158,474.1454,1109.67,1247.061,35.72059,-0.3164355,-0.6351268,-0.7046152,3.402823E+38,0.25,0.25,-1.476974,-48.70049,-46.20413,68.37169,2414.455,2346.239,67.39795,-0.02178429,-0.7324299,-0.6804938,3.402823E+38,0,0,-2.522475,-23.74777,-48.91293,105.1697,1177.755,2444.775,54.38885,-0.04599497,-0.4514171,-0.8911269,3.402823E+38,0,0.25,-1.712323,26.39441,24.74489,20.32142,-1304.69,-1238.871,34.97679,-0.04832621,0.714958,0.6974953,3.402823E+38,0.75,0.75,0.1400076,51.33,49.8615,-32.0004,-2541.501,-2493.076,70.32569,0.001946641,0.7101943,0.704003,0,1,1,0.1400038,51.33,24.86149,-19.5002,-2541.501,-1243.075,55.60885,0.002457159,0.8964718,0.443094,0,0.75,1,-10.45649,3.363237,-1.040077,448.2667,-146.6127,33.63533,10.26608,-0.9714417,0.2167211,-0.09660682,3.402823E+38,0.5,0.5,-3.985585,1.877607,-25.03307,140.3532,-82.92435,1240.151,24.86287,-0.1572267,0.03341921,-0.9869969,3.402823E+38,0.25,0.5,-1.305248,1.19745,-49.88445,72.2389,-58.26189,2488.309,49.40186,-0.02619909,0.003355583,-0.9996511,3.402823E+38,0,0.5,-0.4562678,26.25023,-0.1531317,-2.286742,-1300.36,3.056244,24.72486,-0.01817268,0.9998164,-0.006070666,3.402823E+38,0.5,0.75,0.14,51.33,-0.1385164,-7.000003,-2541.501,6.925822,49.80038,0.002740826,0.9999924,-0.002753784,0,0.5,1,1.12912,26.35207,-25.09686,-29.12024,-1304.695,1253.482,35.16973,0.031595,0.7099037,-0.7035897,3.402823E+38,0.25,0.75,-0.0695948,26.33578,-50.08532,23.86491,-1304.056,2500.701,55.6153,-0.001278265,0.4509605,-0.892543,3.402823E+38,0,0.75,0.1399962,51.33,-25.13853,5.500196,-2541.501,1256.927,55.73215,0.002451636,0.8945061,-0.447049,0,0.25,1,0.1399924,51.33,-50.13853,18.00039,-2541.501,2506.928,70.521,0.001941073,0.7082413,-0.7059678,0,0,1
9,-61.02692,-26.81091,25.52959,2948.361,1396.739,-1308.572,71.00014,-0.8490534,-0.3893827,0.3570565,3.402823E+38,0.75,0,-37.97884,-13.19669,48.55478,1758.597,719.7916,-2415.64,62.57292,-0.5970765,-0.2255594,0.7698198,3.402823E+38,1,0.25,-49.02517,-35.64008,45.6649,2255.372,1852.441,-2247.803,75.67233,-0.6394147,-0.4814095,0.5994946,3.402823E+38,1,0,-45.64587,-6.767977,25.62427,2212.858,378.7118,-1301.089,52.14878,-0.8609202,-0.1481131,0.4867021,3.402823E+38,0.75,0.25,-54.47345,-31.56154,1.44929,2658.191,1603.066,-92.31411,62.72153,-0.8565749,-0.5155133,0.022924,3.402823E+38,0.5,0,-24.08324,7.556615,49.543,1154.384,-361.3833,-2484.24,54.83373,-0.4294626,0.11795,0.895349,3.402823E+38,1,0.5,-42.70929,-9.547071,0.6290656,2080.706,506.9641,-46.49157,43.19402,-0.9701516,-0.2420714,0.01439707,3.402823E+38,0.5,0.25,-43.84749,-37.44518,-20.53841,2123.693,1888.778,1007.312,61.11862,-0.7064101,-0.6244084,-0.333315,3.402823E+38,0.25,0,-27.87401,10.85147,25.21903,1367.415,-535.3455,-1272.086,38.1227,-0.7134284,0.2542926,0.6529587,3.402823E+38,0.75,0.5,-9.270894,28.16434,49.85592,446.1801,-1398.09,-2497.311,56.96315,-0.1557767,0.4722042,0.8676156,3.402823E+38,1,0.75,-37.57546,-13.22859,-23.56445,1834.719,685.0377,1165.67,45.83141,-0.8041195,-0.3077522,-0.5086064,3.402823E+38,0.25,0.25,-28.06862,-43.44681,-39.42813,1330.807,2179.971,1946.001,65.09557,-0.4230338,-0.6780459,-0.6010792,3.402823E+38,0,0,-25.82782,-18.92664,-45.06575,1229.193,963.5947,2232.501,54.99653,-0.4596385,-0.3596016,-0.8120463,3.402823E+38,0,0.25,-9.346592,28.20187,24.85054,430.498,-1386.475,-1248.02,37.41238,-0.2381048,0.7167017,0.6554729,3.402823E+38,0.75,0.75,0.1400076,51.33,49.8615,-32.0004,-2541.501,-2493.076,70.32705,0.006487358,0.7101807,0.7039896,0,1,1,0.1400038,51.33,24.86149,-19.5002,-2541.501,-1243.075,55.61057,0.008188772,0.8964444,0.4430805,0,0.75,1,-27.77878,10.45767,0.217309,1339.998,-488.0739,-23.67978,28.53346,-0.9457815,0.3247173,0.007484779,3.402823E+38,0.5,0.5,-27.37922,9.574478,-24.62344,1341.885,-450.7444,1224.223,37.07062,-0.7202368,0.2274245,-0.6553907,3.402823E+38,0.25,0.5,-19.53669,5.096316,-47.9396,971.6603,-236.292,2398.757,51.30774,-0.3709334,0.07848857,-0.9253367,3.402823E+38,0,0.5,-10.86751,28.84893,-0.3255004,509.9114,-1412.812,6.881044,29.25331,-0.3545162,0.9349859,-0.01093997,3.402823E+38,0.5,0.75,0.14,51.33,-0.1385164,-7.000003,-2541.501,6.925822,49.80229,0.009134233,0.9999545,-0.002753679,0,0.5,1,-15.03812,31.46752,-24.84007,706.2711,-1516.542,1236.599,41.45367,-0.350831,0.7255033,-0.5920833,3.402823E+38,0.25,0.75,-12.35163,29.67108,-49.86026,619.0273,-1456.297,2489.007,58.24631,-0.2048155,0.4875383,-0.8487385,3.402823E+38,0,0.75,0.1399962,51.33,-25.13853,5.500196,-2541.501,1256.927,55.73386,0.008170683,0.8944789,-0.4470354,0,0.25,1,0.1399924,51.33,-50.13853,18.00039,-2541.501,2506.928,70.52235,0.006469305,0.7082278,-0.7059544,0,0,1
10,-62.56028,-25.33182,23.12356,3190.71,1187.277,-1192.289,70.66245,-0.870163,-0.3704457,0.3249405,3.402823E+38,0.75,0,-46.29842,-7.433319,48.77036,2330.964,331.0712,-2466.334,66.84322,-0.6780352,-0.1256744,0.724206,3.402823E+38,1,0.25,-68.86948,-18.11823,46.21513,3462.59,857.0149,-2366.197,84.10565,-0.8064725,-0.2263233,0.5462416,3.402823E+38,1,0,-42.58184,-10.17384,24.20447,2153.076,482.6694,-1238.535,49.20637,-0.8438455,-0.2254005,0.486949,3.402823E+38,0.75,0.25,-57.75835,-29.6116,-1.08476,2973.735,1398.343,18.57095,64.32973,-0.8810927,-0.4726475,-0.01673244,3.402823E+38,0.5,0,-29.13123,10.73049,49.35408,1457.506,-553.7837,-2486.115,57.30853,-0.4929011,0.1678038,0.8537508,3.402823E+38,1,0.5,-41.11259,-10.97297,-0.7072687,2157.091,461.8351,11.91961,41.72342,-0.9585971,-0.2842728,-0.01675063,3.402823E+38,0.5,0.25,-54.05712,-32.20451,-25.67629,2747.152,1573.365,1234.821,67.45202,-0.7861397,-0.4890878,-0.3778591,3.402823E+38,0.25,0,-27.15094,9.498468,24.38413,1393.962,-500.8219,-1233.912,36.50367,-0.7165126,0.2288548,0.6589652,3.402823E+38,0.75,0.5,-12.37353,29.69076,49.7651,609.7536,-1479.324,-2495.571,58.1152,-0.2002243,0.4889646,0.8490135,3.402823E+38,1,0.75,-40.45103,-10.97691,-25.70019,2098.25,502.7218,1259.702,48.38553,-0.8144268,-0.2456127,-0.5257217,3.402823E+38,0.25,0.25,-44.92489,-37.89731,-48.31474,2274.572,1873.272,2354.979,75.73015,-0.5809715,-0.510655,-0.6338009,3.402823E+38,0,0,-32.00102,-16.31766,-48.5281,1622.958,806.6745,2370.708,59.82908,-0.5198767,-0.2875505,-0.8043898,3.402823E+38,0,0.25,-11.24364,29.06667,24.7974,570.1154,-1450.298,-1246.378,38.40321,-0.272633,0.7206777,0.6374127,3.402823E+38,0.75,0.75,0.1400076,51.33,49.8615,-32.0004,-2541.501,-2493.076,70.32983,0.0109749,0.7101529,0.703962,0,1,1,0.1400038,51.33,24.86149,-19.5002,-2541.501,-1243.075,55.61407,0.01385297,0.8963885,0.4430528,0,0.75,1,-23.81554,7.377646,-0.3012399,1244.888,-397.8595,2.855156,23.53356,-0.9644095,0.2641159,-0.01253414,3.402823E+38,0.5,0.5,-25.92302,9.356956,-25.27687,1378.979,-508.892,1251.685,36.21,-0.6887953,0.2268308,-0.6885557,3.402823E+38,0.25,0.5,-22.40926,6.722615,-49.89136,1184.628,-348.0403,2475.603,54.2318,-0.3977928,0.1040093,-0.9115607,3.402823E+38,0,0.5,-11.05965,28.88125,-0.2312526,576.3102,-1443.054,3.047042,29.23836,-0.3504668,0.9365429,-0.007776239,3.402823E+38,0.5,0.75,0.14,51.33,-0.1385164,-7.000003,-2541.501,6.925822,49.8062,0.01545222,0.9998769,-0.002753465,0,0.5,1,-8.425364,27.83853,-25.07072,485.4362,-1399.036,1249.226,37.02188,-0.2075595,0.7144772,-0.6681627,3.402823E+38,0.25,0.75,-9.134571,28.12058,-50.14156,508.1089,-1402.991,2500.196,57.12186,-0.1474654,0.4701441,-0.870183,3.402823E+38,0,0.75,0.1399962,51.33,-25.13853,5.500196,-2541.501,1256.927,55.73735,0.01382246,0.8944234,-0.4470076,0,0.25,1,0.1399924,51.33,-50.13853,18.00039,-2541.501,2506.928,70.52512,0.01094451,0.7082002,-0.7059268,0,0,1
11,-5.080046,-48.32524,23.96657,494.7931,2370.931,-1181.685,54.52114,-0.07491398,-0.8970232,0.4355884,3.402823E+38,0.75,0,-12.2339,-22.65899,47.31309,768.8395,1084.504,-2356.729,53.60026,-0.2084223,-0.437872,0.8745446,3.402823E+38,1,0.25,-13.98716,-47.64754,47.31276,936.3807,2314.379,-2349.602,68.62129,-0.1884943,-0.7042336,0.6844889,3.402823E+38,1,0,-2.808152,-23.36277,24.16911,297.334,1144.608,-1200.685,33.8886,-0.0537957,-0.7093273,0.7028233,3.402823E+38,0.75,0.25,2.447548,-48.63425,-0.002843574,96.41579,2407.295,9.343037,49.28089,0.06841465,-0.9976569,-5.71218E-05,3.402823E+38,0.5,0,-7.925675,1.951749,48.29801,467.0631,-114.9351,-2416.858,48.30669,-0.1427567,0.01888571,0.9895776,3.402823E+38,1,0.5,3.250399,-23.64391,0.02993087,-6.612343,1174.397,2.531469,24.53028,0.16814,-0.9857624,0.001195786,3.402823E+38,0.5,0.25,-4.620878,-48.25514,-23.9728,460.3409,2368.558,1204.56,54.42845,-0.06668101,-0.8972606,-0.4364368,3.402823E+38,0.25,0,1.019696,1.332964,24.88725,47.52529,-67.22144,-1238.015,24.46756,0.07921837,0.01213431,0.9967834,3.402823E+38,0.75,0.5,-1.977647,26.424,49.66576,104.7949,-1311.212,-2484.969,55.29052,-0.01827287,0.4551669,0.8902186,3.402823E+38,1,0.75,-0.3780068,-23.59534,-24.70731,202.2561,1157.912,1235.101,34.38833,0.01662983,-0.7058333,-0.7081827,3.402823E+38,0.25,0.25,-17.90981,-45.99567,-45.10978,1113.479,2213.083,2264.462,66.83248,-0.2517599,-0.6984099,-0.6699556,3.402823E+38,0,0,-7.465625,-23.33577,-48.66303,490.9103,1140.997,2446.08,54.30993,-0.1187272,-0.4445503,-0.8878506,3.402823E+38,0,0.25,2.05336,26.40139,24.99042,-70.08242,-1305.097,-1246.773,35.2393,0.08426448,0.7099016,0.6992419,3.402823E+38,0.75,0.75,0.1400076,51.33,49.8615,-32.0004,-2541.501,-2493.076,70.33408,0.01550386,0.7101102,0.7039197,0,1,1,0.1400038,51.33,24.86149,-19.5002,-2541.501,-1243.075,55.61943,0.01956894,0.8963029,0.4430105,0,0.75,1,3.046583,1.400348,-0.02997346,-62.69775,-66.51404,6.991368,3.521976,0.9957236,0.09208116,-0.007452422,3.402823E+38,0.5,0.5,1.406646,1.339781,-25.04675,25.4133,-67.11803,1255.613,24.66005,0.09399185,0.01231243,-0.9954968,3.402823E+38,0.25,0.5,-3.601863,1.342541,-49.54515,222.0148,-66.67105,2489.482,49.11662,-0.05328193,0.006299112,-0.9985597,3.402823E+38,0,0.5,1.782185,26.36724,-0.1013389,-55.33808,-1304.048,7.081926,24.9852,0.1075282,0.9941941,-0.003976383,3.402823E+38,0.5,0.75,0.14,51.33,-0.1385164,-7.000003,-2541.501,6.925822,49.81218,0.02182759,0.999758,-0.002753138,0,0.5,1,1.512748,26.36282,-25.10268,-15.87366,-1304.014,1256.792,35.24915,0.06911889,0.7086271,-0.7021895,3.402823E+38,0.25,0.75,0.9259163,26.34539,-50.09044,-20.33794,-1304.709,2506.268,55.65577,0.03355149,0.4508065,-0.8919909,3.402823E+38,0,0.75,0.1399962,51.33,-25.13853,5.500196,-2541.501,1256.927,55.7427,0.01952591,0.8943383,-0.4469651,0,0.25,1,0.1399924,51.33,-50.13853,18.00039,-2541.501,2506.928,70.52935,0.01546102,0.708158,-0.7058848,0,0,1
12,53.27252,-33.08946,23.71056,-2586.18,1694.064,-1171.066,67.63194,0.79253,-0.5007851,0.3480094,3.402823E+38,0.75,0,42.65718,-10.31961,48.74065,-2053.049,581.3033,-2434.345,65.72989,0.6550103,-0.1713669,0.7359313,3.402823E+38,1,0.25,59.07066,-29.35817,47.74144,-2833.235,1555.123,-2388.051,81.8292,0.7262884,-0.3691057,0.5798846,3.402823E+38,1,0,37.9539,-13.2227,24.35703,-1856.202,686.3181,-1204.729,47.37891,0.8078291,-0.2976821,0.5087214,3.402823E+38,0.75,0.25,47.11926,-36.90041,-0.2680978,-2281.048,1865.403,30.72407,60.5555,0.7836043,-0.6212448,-0.004391051,3.402823E+38,0.5,0,27.22519,9.347836,49.30338,-1313.354,-415.8284,-2463.417,56.78151,0.4879284,0.1452098,0.8607207,3.402823E+38,1,0.5,33.74615,-15.7843,-0.1471872,-1645.879,799.3437,21.46373,37.85283,0.8987664,-0.438411,-0.003837714,3.402823E+38,0.5,0.25,44.10478,-38.46789,-25.03284,-2120.199,1938.4,1268.33,64.27927,0.6920249,-0.6097304,-0.3864329,3.402823E+38,0.25,0,23.48942,7.171678,24.69428,-1166.984,-346.1638,-1223.685,34.6258,0.6893369,0.174848,0.7030241,3.402823E+38,0.75,0.5,11.23209,28.92035,49.77644,-572.7796,-1425.695,-2485.212,57.79679,0.2050915,0.47842,0.8538452,3.402823E+38,1,0.75,34.12464,-15.50846,-25.13791,-1653.423,787.0849,1271.314,45.54203,0.7568894,-0.3592035,-0.5459774,3.402823E+38,0.25,0.25,39.81001,-40.38898,-49.62761,-1847.326,2043.85,2485.996,75.79839,0.5312575,-0.5428553,-0.6504411,3.402823E+38,0,0,27.73069,-18.43673,-49.16699,-1242.338,957.2496,2441.244,59.55015,0.4738502,-0.3241745,-0.8187655,3.402823E+38,0,0.25,9.40185,28.11289,24.85809,-489.62,-1395.14,-1238.793,37.63059,0.2655594,0.7102667,0.6519198,3.402823E+38,0.75,0.75,0.1400076,51.33,49.8615,-32.0004,-2541.501,-2493.076,70.33083,0.01219941,0.7101427,0.703952,0,1,1,0.1400038,51.33,24.86149,-19.5002,-2541.501,-1243.075,55.61533,0.01539848,0.8963683,0.4430428,0,0.75,1,21.26278,5.986336,-0.1809778,-1032.657,-282.8173,17.63837,22.03931,0.97549,0.2198974,-0.008029429,3.402823E+38,0.5,0.5,23.29416,7.020394,-25.09614,-1142.244,-342.576,1263.985,34.75021,0.6813648,0.1699393,-0.7119429,3.402823E+38,0.25,0.5,19.64155,5.209671,-49.76604,-872.4432,-224.2784,2479.791,53.4341,0.3776022,0.07749587,-0.9227193,3.402823E+38,0,0.5,10.39056,28.49842,-0.1856546,-509.7781,-1407.178,14.68325,29.13248,0.3750834,0.9269699,-0.00626524,3.402823E+38,0.5,0.75,0.14,51.33,-0.1385164,-7.000003,-2541.501,6.925822,49.80761,0.01717607,0.9998487,-0.002753388,0,0.5,1,12.15859,29.40829,-25.10253,-605.7734,-1461.954,1259.661,39.51784,0.3219234,0.7091408,-0.6272835,3.402823E+38,0.25,0.75,10.77327,28.69926,-50.08494,-498.2115,-1414.472,2507.227,57.86333,0.1969962,0.4740864,-0.8581577,3.402823E+38,0,0.75,0.1399962,51.33,-25.13853,5.500196,-2541.501,1256.927,55.73862,0.01536459,0.8944032,-0.4469975,0,0.25,1,0.1399924,51.33,-50.13853,18.00039,-2541.501,2506.928,70.52612,0.01216566,0.7081903,-0.7059169,0,0,1
13,50.40673,-33.70147,21.09985,-2624.229,1611.936,-1024.834,64.56504,0.78096,-0.5337962,0.3242886,3.402823E+38,0.75,0,44.9764,-7.651021,43.95932,-2335.894,324.1793,-2167.244,63.27607,0.7115971,-0.1361172,0.6892762,3.402823E+38,1,0.25,65.07083,-20.90339,36.79282,-3348.62,967.1658,-1807.866,77.74361,0.8368389,-0.2803219,0.4702342,3.402823E+38,1,0,32.79903,-15.7604,23.68694,-1720.614,746.6171,-1166.422,43.60888,0.7528074,-0.380658,0.5370107,3.402823E+38,0.75,0.25,40.10463,-40.06207,-0.7713746,-2118.669,1928.275,71.18745,57.20877,0.701992,-0.7120593,-0.01336668,3.402823E+38,0.5,0,27.06307,9.40577,47.57096,-1420.298,-495.891,-2362.46,55.0673,0.4943472,0.150732,0.8560962,3.402823E+38,1,0.5,27.06381,-18.73767,-0.4734144,-1433.035,894.3033,41.79944,33.34673,0.811608,-0.584035,-0.013987,3.402823E+38,0.5,0.25,37.66973,-41.2277,-25.63065,-1966.582,1994.075,1310.414,61.88942,0.6102989,-0.6773216,-0.4108173,3.402823E+38,0.25,0,18.44356,4.679811,24.61435,-981.5798,-249.3415,-1220.798,30.71716,0.6038355,0.1169168,0.7884879,3.402823E+38,0.75,0.5,10.62626,28.64576,49.55183,-572.176,-1426.008,-2473.973,57.29044,0.1909091,0.4778603,0.8574399,3.402823E+38,1,0.75,25.78926,-19.03087,-25.43858,-1353.696,907.7558,1289.472,41.16264,0.628758,-0.4815075,-0.6105849,3.402823E+38,0.25,0.25,51.23998,-33.65354,-45.17606,-2579.258,1632.583,2336.437,76.38419,0.6717433,-0.4511141,-0.5875859,3.402823E+38,0,0,37.23929,-12.73116,-46.64906,-1911.566,571.6997,2350.863,61.00372,0.6120891,-0.2237452,-0.7584755,3.402823E+38,0,0.25,6.529889,27.1623,24.93715,-368.1534,-1353.255,-1242.75,36.2814,0.1885832,0.710476,0.6779824,3.402823E+38,0.75,0.75,0.1400076,51.33,49.8615,-32.0004,-2541.501,-2493.076,70.32767,0.007715527,0.7101745,0.7039834,0,1,1,0.1400038,51.33,24.86149,-19.5002,-2541.501,-1243.075,55.61134,0.00973901,0.896432,0.4430743,0,0.75,1,15.74791,3.841248,-0.2281541,-834.8846,-206.8253,19.95725,15.89875,0.9850979,0.1714306,-0.0139129,3.402823E+38,0.5,0.5,14.60969,3.324473,-25.29856,-763.744,-182.3436,1273.14,29.00876,0.5088712,0.07775567,-0.8573239,3.402823E+38,0.25,0.5,20.80254,5.907871,-49.37758,-1050.819,-315.5671,2482.376,53.46074,0.3930452,0.09039666,-0.915065,3.402823E+38,0,0.5,6.6582,27.12481,-0.1723341,-352.8753,-1348.365,12.04504,26.53476,0.2613179,0.9652318,-0.00637454,3.402823E+38,0.5,0.75,0.14,51.33,-0.1385164,-7.000003,-2541.501,6.925822,49.80316,0.01086343,0.9999372,-0.002753632,0,0.5,1,6.389081,27.12664,-25.17163,-313.3566,-1344.834,1261.837,36.38936,0.1842143,0.70743,-0.6823547,3.402823E+38,0.25,0.75,7.434699,27.42011,-50.1291,-346.879,-1358.018,2511.049,56.69133,0.1371041,0.4614354,-0.8765157,3.402823E+38,0,0.75,0.1399962,51.33,-25.13853,5.500196,-2541.501,1256.927,55.73464,0.009717521,0.8944666,-0.4470292,0,0.25,1,0.1399924,51.33,-50.13853,18.00039,-2541.501,2506.928,70.52296,0.007694095,0.7082217,-0.7059482,0,0,1
14,-6.31822,-48.39778,24.62623,88.91936,2403.481,-1223.591,55.07333,-0.1121414,-0.8894155,0.4431303,3.402823E+38,0.75,0,2.3312,-23.63616,48.3305,-322.9604,1158.093,-2397.251,53.81483,0.0445063,-0.4541331,0.8898215,3.402823E+38,1,0.25,-0.2472722,-48.56762,48.8748,-299.6269,2398.619,-2412.676,69.13258,-0.002313868,-0.712276,0.7018957,3.402823E+38,1,0,-6.242616,-23.36068,24.84279,154.8649,1164.908,-1241.512,34.85493,-0.1741331,-0.6898805,0.7026681,3.402823E+38,0.75,0.25,-10.03498,-48.14515,-0.1324977,348.8867,2395.72,0.9155061,49.67162,-0.198296,-0.9801387,-0.00264089,3.402823E+38,0.5,0,1.280082,1.32686,48.99364,-205.5693,-73.10732,-2438.824,48.51358,0.02787459,0.00605668,0.9995931,3.402823E+38,1,0.5,-7.786833,-23.24387,-0.1214027,280.8517,1159.916,2.151518,24.96637,-0.3023863,-0.9531736,-0.004767178,3.402823E+38,0.5,0.25,-7.927663,-48.30494,-25.04495,261.4029,2399.375,1247.97,55.3809,-0.1403254,-0.8828588,-0.4481844,3.402823E+38,0.25,0,-5.223957,1.61698,24.86802,168.2665,-72.69761,-1245.773,24.9,-0.2022758,0.02310946,0.9790559,3.402823E+38,0.75,0.5,-1.310619,26.36846,49.79005,-7.789329,-1304.328,-2488.672,55.3801,-0.0219124,0.4534433,0.8910158,3.402823E+38,1,0.75,-7.321198,-23.23867,-25.12211,274.4002,1158.275,1252.029,35.1712,-0.202826,-0.6803434,-0.7042687,3.402823E+38,0.25,0.25,1.384398,-48.50308,-48.28263,-263.054,2394.761,2383.199,68.68743,0.02125458,-0.715926,-0.6978526,3.402823E+38,0,0,4.215727,-23.46882,-47.30588,-320.8991,1148.197,2351.279,52.94665,0.0804892,-0.458379,-0.8851046,3.402823E+38,0,0.25,-3.651437,26.62004,24.90051,143.8304,-1314.759,-1247.943,35.3831,-0.09935834,0.7131503,0.6939341,3.402823E+38,0.75,0.75,0.1400076,51.33,49.8615,-32.0004,-2541.501,-2493.076,70.32592,0.00319317,0.710192,0.7040008,0,1,1,0.1400038,51.33,24.86149,-19.5002,-2541.501,-1243.075,55.60914,0.004030633,0.8964672,0.4430917,0,0.75,1,-6.213693,1.719349,-0.1171088,245.4612,-78.38462,2.211508,5.667307,-0.9935521,0.1117747,-0.01898864,3.402823E+38,0.5,0.5,-6.472143,1.743985,-25.16413,268.3172,-79.02589,1254.097,25.4716,-0.2458837,0.02749098,-0.9689094,3.402823E+38,0.25,0.5,0.9682739,1.2572,-49.02805,-101.6186,-66.10954,2448.015,48.53991,0.02150138,0.004632967,-0.9997581,3.402823E+38,0,0.5,-3.258975,26.54337,-0.1436841,136.9873,-1311.38,5.625327,25.2103,-0.1234067,0.9923404,-0.005588582,3.402823E+38,0.5,0.75,0.14,51.33,-0.1385164,-7.000003,-2541.501,6.925822,49.8007,0.004495992,0.9999861,-0.002753766,0,0.5,1,-4.198269,26.70488,-25.12561,196.7646,-1318.497,1254.377,35.65806,-0.1137262,0.7100735,-0.6948827,3.402823E+38,0.25,0.75,-2.198342,26.43812,-50.05833,102.3011,-1306.623,2501.328,55.67714,-0.03759876,0.4522857,-0.8910802,3.402823E+38,0,0.75,0.1399962,51.33,-25.13853,5.500196,-2541.501,1256.927,55.73244,0.00402166,0.8945016,-0.4470467,0,0.25,1,0.1399924,51.33,-50.13853,18.00039,-2541.501,2506.928,70.52122,0.003184174,0.708239,-0.7059655,0,0,1
15,11.14697,-46.90643,20.80827,-464.3079,2306.783,-1032.854,52.88534,0.2044333,-0.8979324,0.3897749,3.402823E+38,0.75,0,-4.497203,-21.14452,38.27587,314.1141,1020.197,-1847.597,43.9874,-0.1063319,-0.4984451,0.8603755,3.402823E+38,1,0.25,-12.8845,-41.54543,25.99466,733.5085,1970.918,-1127.245,51.07969,-0.2543197,-0.8254302,0.5039708,3.402823E+38,1,0,15.88023,-21.88508,23.61303,-734.2399,1082.675,-1170.527,35.93494,0.4294504,-0.6289315,0.6480875,3.402823E+38,0.75,0.25,21.22684,-45.83351,-2.332568,-933.7769,2273.179,137.6588,50.9039,0.4084051,-0.9116722,-0.04537726,3.402823E+38,0.5,0,2.984819,1.526293,45.61177,-116.5092,-49.90392,-2292.978,45.19739,0.06021331,0.01086043,0.9981264,3.402823E+38,1,0.5,18.94677,-20.78648,-1.743009,-838.7282,1040.63,109.9406,28.29572,0.6498723,-0.7576293,-0.06053013,3.402823E+38,0.5,0.25,2.450728,-45.83025,-19.00454,-26.85628,2277.047,996.9261,50.11593,0.04381032,-0.9258004,-0.3754655,3.402823E+38,0.25,0,15.48879,3.244332,24.04703,-725.1959,-150.7627,-1191.602,28.06388,0.5340858,0.07752211,0.8418686,3.402823E+38,0.75,0.5,5.497991,26.93361,48.9052,-251.6464,-1323.383,-2463.141,55.09167,0.09470418,0.4659621,0.8797218,3.402823E+38,1,0.75,8.089357,-21.85986,-24.23396,-306.5291,1083.595,1239.74,33.74835,0.2293871,-0.6683494,-0.7075949,3.402823E+38,0.25,0.25,-21.72454,-39.95457,-23.32131,1184.397,1976.213,1166.421,51.51694,-0.4221272,-0.7879081,-0.4483407,3.402823E+38,0,0,-13.38837,-20.37476,-37.49948,777.2648,997.2926,1889.535,44.77608,-0.3008565,-0.472761,-0.8282405,3.402823E+38,0,0.25,11.23566,28.96107,24.65265,-425.5832,-1370.948,-1224.892,38.34522,0.2832377,0.719035,0.6346378,3.402823E+38,0.75,0.75,0.1400076,51.33,49.8615,-32.0004,-2541.501,-2493.076,70.32562,-0.001316194,0.710195,0.7040038,0,1,1,0.1400038,51.33,24.86149,-19.5002,-2541.501,-1243.075,55.60876,-0.001661489,0.8964732,0.4430947,0,0.75,1,13.49871,3.591683,-0.8726529,-551.6586,-153.7098,47.17867,13.03871,0.9798185,0.1892117,-0.06445614,3.402823E+38,0.5,0.5,9.359325,2.962573,-26.10129,-367.0088,-146.2271,1324.177,27.21819,0.3292458,0.06972221,-0.9416666,3.402823E+38,0.25,0.5,-4.117375,0.7305129,-47.04272,296.703,-35.03875,2376.985,46.74442,-0.09208713,-0.006339099,-0.9957308,3.402823E+38,0,0.5,4.921187,27.05574,0.05144267,-157.8616,-1327.42,1.591723,25.94464,0.1772745,0.9841595,0.001945297,3.402823E+38,0.5,0.75,0.14,51.33,-0.1385164,-7.000003,-2541.501,6.925822,49.80028,-0.001853427,0.9999945,-0.002753789,0,0.5,1,1.898462,26.40434,-24.75952,21.14512,-1304.52,1238.963,34.99174,0.04691892,0.7149365,-0.6976134,3.402823E+38,0.25,0.75,-2.818626,26.50821,-49.43324,283.479,-1332.969,2466.025,55.19648,-0.05479438,0.4574474,-0.8875468,3.402823E+38,0,0.75,0.1399962,51.33,-25.13853,5.500196,-2541.501,1256.927,55.73206,-0.001657981,0.8945076,-0.4470497,0,0.25,1,0.1399924,51.33,-50.13853,18.00039,-2541.501,2506.928,70.52093,-0.001312789,0.708242,-0.7059684,0,0,1
16,58.63846,-29.47579,23.75081,-2826.001,1542.891,-1174.967,69.27288,0.8324478,-0.4372156,0.3404017,3.402823E+38,0.75,0,43.00425,-10.18277,48.87199,-2045.218,592.4993,-2435.977,65.19654,0.6461233,-0.1706752,0.743905,3.402823E+38,1,0.25,62.0843,-26.52037,48.27539,-2969.9,1436.988,-2410.129,82.4171,0.7420438,-0.3322641,0.5822127,3.402823E+38,1,0,43.66465,-9.040071,23.9271,-2111.948,509.5081,-1191.284,49.82149,0.8566612,-0.2001147,0.4754847,3.402823E+38,0.75,0.25,52.20943,-33.83598,-0.4266366,-2539.935,1711.322,49.94225,61.82076,0.828829,-0.55946,-0.006845819,3.402823E+38,0.5,0,27.14699,9.13317,49.17045,-1277.45,-384.1778,-2453.424,55.98421,0.4707654,0.1434591,0.8705168,3.402823E+38,1,0.5,38.77057,-12.72342,-0.3863954,-1924.319,632.8163,46.17062,40.11583,0.9408743,-0.3386222,-0.009513418,3.402823E+38,0.5,0.25,44.10979,-38.27621,-23.75666,-2067.554,1945.266,1186.839,62.79514,0.6881036,-0.620999,-0.3753316,3.402823E+38,0.25,0,26.18756,8.913772,24.43687,-1249.801,-389.4921,-1215.915,35.7806,0.706476,0.2172999,0.673552,3.402823E+38,0.75,0.5,12.02693,29.33947,49.63722,-569.5917,-1424.184,-2477.52,57.78257,0.1968127,0.4857279,0.851665,3.402823E+38,1,0.75,35.78193,-14.50838,-25.14624,-1715.213,749.6575,1273.626,45.48509,0.7660255,-0.3379005,-0.5468347,3.402823E+38,0.25,0.25,32.41713,-43.33086,-45.65854,-1410.024,2200.775,2237.192,70.68784,0.4475618,-0.6231523,-0.6413811,3.402823E+38,0,0,23.31022,-19.93914,-46.16616,-1008.04,1023.573,2275.61,55.07666,0.4094171,-0.3773011,-0.8306754,3.402823E+38,0,0.25,9.037113,27.97065,24.85128,-454.8334,-1381.358,-1233.849,37.12061,0.2254332,0.716114,0.660576,3.402823E+38,0.75,0.75,0.1400076,51.33,49.8615,-32.0004,-2541.501,-2493.076,70.32678,-0.0058759,0.7101834,0.7039922,0,1,1,0.1400038,51.33,24.86149,-19.5002,-2541.501,-1243.075,55.61023,-0.007417096,0.8964499,0.4430831,0,0.75,1,22.96573,7.013389,-0.2788324,-1183.577,-372.9992,31.10334,22.69627,0.9660845,0.2579462,-0.01202057,3.402823E+38,0.5,0.5,24.81593,7.950476,-25.13568,-1215.727,-384.3997,1276.972,35.11223,0.6812195,0.1943286,-0.705816,3.402823E+38,0.25,0.5,17.96136,4.317388,-48.90265,-794.5507,-184.7007,2437.499,51.5117,0.3346398,0.06320477,-0.9402241,3.402823E+38,0,0.5,8.685298,27.52765,-0.293189,-455.6353,-1378.529,18.93106,27.21811,0.2932782,0.9559686,-0.01057752,3.402823E+38,0.5,0.75,0.14,51.33,-0.1385164,-7.000003,-2541.501,6.925822,49.80191,-0.008273616,0.999962,-0.0027537,0,0.5,1,11.94565,29.29967,-25.01413,-590.5039,-1453.924,1259.26,38.92843,0.2888645,0.716987,-0.6344186,3.402823E+38,0.25,0.75,8.986488,27.94766,-49.85451,-403.9947,-1376.415,2494.367,56.78091,0.1471749,0.4699237,-0.8703513,3.402823E+38,0,0.75,0.1399962,51.33,-25.13853,5.500196,-2541.501,1256.927,55.73352,-0.00740097,0.8944843,-0.4470381,0,0.25,1,0.1399924,51.33,-50.13853,18.00039,-2541.501,2506.928,70.52208,-0.005859958,0.7082305,-0.705957,0,0,1
17,66.92245,-16.52836,15.51274,-3394.716,806.5256,-753.1166,69.58039,0.9424585,-0.250546,0.2213563,3.402823E+38,0.75,0,53.87667,2.238016,42.72033,-2762.796,-162.8943,-2097.589,67.58603,0.7784575,0.01774249,0.6274464,3.402823E+38,1,0.25,75.05925,-10.92646,38.47235,-3811.09,507.5207,-1892.32,83.91825,0.8787751,-0.1416336,0.4557349,3.402823E+38,1,0,44.6419,-6.430228,21.16401,-2303.625,247.4991,-1011.744,48.68483,0.8898537,-0.1516774,0.4302955,3.402823E+38,0.75,0.25,55.07149,-30.43805,-1.577569,-2782.876,1482.536,112.0995,62.18996,0.8645228,-0.5019632,-0.02516462,3.402823E+38,0.5,0,31.76784,12.76452,47.75132,-1655.735,-674.2162,-2361.787,57.57134,0.5319878,0.2020707,0.8222873,3.402823E+38,1,0.5,35.89902,-14.41939,-0.6668558,-1836.233,676.9533,51.46321,37.78628,0.9148037,-0.4035228,-0.01741762,3.402823E+38,0.5,0.25,50.45069,-34.28801,-25.84749,-2533.792,1660.703,1324.146,65.63051,0.7496706,-0.5340652,-0.3908558,3.402823E+38,0.25,0,24.22491,7.634876,24.30288,-1257.768,-404.2403,-1197.196,33.84372,0.6799006,0.1923168,0.7076366,3.402823E+38,0.75,0.5,12.68117,29.70846,49.6184,-680.005,-1483.192,-2475.026,58.01354,0.2017751,0.4901167,0.8479814,3.402823E+38,1,0.75,34.44608,-14.92411,-25.62335,-1774.251,681.9148,1299.818,44.64569,0.7436253,-0.3533915,-0.5675702,3.402823E+38,0.25,0.25,60.99152,-24.68807,-46.38872,-3041.767,1209.534,2377.413,79.67092,0.7498594,-0.3207906,-0.5786228,3.402823E+38,0,0,40.83702,-9.630941,-49.13749,-2048.3,441.5117,2491.979,63.72729,0.6222032,-0.1659877,-0.7650563,3.402823E+38,0,0.25,9.580904,28.18696,24.86201,-490.5722,-1395.62,-1242.399,37.33411,0.230118,0.7177904,0.6571321,3.402823E+38,0.75,0.75,0.1400076,51.33,49.8615,-32.0004,-2541.501,-2493.076,70.32937,-0.01037121,0.7101575,0.7039665,0,1,1,0.1400038,51.33,24.86149,-19.5002,-2541.501,-1243.075,55.61349,-0.01309115,0.8963977,0.4430573,0,0.75,1,19.66117,5.268362,-0.1660718,-1003.794,-271.8654,19.60551,18.75946,0.9754468,0.2200665,-0.008622872,3.402823E+38,0.5,0.5,20.55618,5.854962,-25.28255,-1041.778,-320.3458,1279.317,31.90143,0.6074295,0.148912,-0.7802913,3.402823E+38,0.25,0.5,21.80246,6.542302,-50.24252,-1093.722,-356.8714,2527.755,54.20532,0.3825563,0.1007635,-0.9184211,3.402823E+38,0,0.5,8.315303,27.54081,-0.164608,-442.0828,-1377.428,12.15159,27.03569,0.2702206,0.9627799,-0.005977986,3.402823E+38,0.5,0.75,0.14,51.33,-0.1385164,-7.000003,-2541.501,6.925822,49.80556,-0.01460264,0.9998896,-0.002753501,0,0.5,1,7.589258,27.46619,-25.15478,-372.0484,-1361.664,1260.452,36.6042,0.1809678,0.712485,-0.6779497,3.402823E+38,0.25,0.75,6.938447,27.2723,-50.1621,-297.3766,-1343.883,2510.016,56.43562,0.1065037,0.4609119,-0.8810319,3.402823E+38,0,0.75,0.1399962,51.33,-25.13853,5.500196,-2541.501,1256.927,55.73678,-0.01306258,0.8944325,-0.4470122,0,0.25,1,0.1399924,51.33,-50.13853,18.00039,-2541.501,2506.928,70.52466,-0.01034291,0.7082048,-0.7059314,0,0,1
18,10.92722,-47.88887,24.81308,-832.9371,2336.354,-1223.845,55.27686,0.1813477,-0.877046,0.4448633,3.402823E+38,0.75,0,15.22884,-22.16915,48.77114,-936.6625,1062.371,-2428.512,55.39869,0.2579063,-0.4150213,0.8724917,3.402823E+38,1,0.25,19.30389,-46.89968,48.34684,-1316.486,2242.796,-2373.26,70.04511,0.2621254,-0.6794189,0.6853323,3.402823E+38,1,0,9.29118,-22.99721,24.49681,-624.7568,1117.688,-1219.434,34.84534,0.239889,-0.6797844,0.6930702,3.402823E+38,0.75,0.25,11.2774,-47.96291,-0.3109302,-796.1236,2340.147,31.1742,49.59912,0.2088896,-0.9779195,-0.006206301,3.402823E+38,0.5,0,8.547947,1.91037,49.44771,-554.8892,-114.9943,-2466.354,49.55689,0.1545387,0.01758739,0.9878302,3.402823E+38,1,0.5,9.724997,-23.01392,-0.4899988,-616.1488,1115.786,32.42593,25.14738,0.3475122,-0.9374808,-0.01910522,3.402823E+38,0.5,0.25,8.340168,-48.34226,-25.14014,-549.4681,2378.81,1256.742,55.41347,0.1346357,-0.8830118,-0.4496258,3.402823E+38,0.25,0,5.284122,1.682886,24.70621,-370.0578,-93.94667,-1232.573,24.61615,0.1780489,0.02599466,0.9836782,3.402823E+38,0.75,0.5,3.628846,26.57014,49.76656,-246.6138,-1322.722,-2486.797,55.50842,0.05028934,0.4560054,0.888555,3.402823E+38,1,0.75,5.417337,-23.45394,-25.10901,-358.1387,1152.339,1255.355,34.87136,0.1301934,-0.6921968,-0.7098684,3.402823E+38,0.25,0.25,13.28221,-47.68887,-49.65407,-877.8141,2325.671,2461.568,70.17216,0.1764484,-0.6893643,-0.7025973,3.402823E+38,0,0,12.45997,-22.5626,-49.10225,-725.9044,1093.864,2448.669,55.20737,0.2090882,-0.4235094,-0.8814318,3.402823E+38,0,0.25,1.795036,26.38937,24.83191,-143.1951,-1310.182,-1241.05,35.00615,0.02768016,0.7142245,0.6993691,3.402823E+38,0.75,0.75,0.1400076,51.33,49.8615,-32.0004,-2541.501,-2493.076,70.32875,-0.009490671,0.7101637,0.7039726,0,1,1,0.1400038,51.33,24.86149,-19.5002,-2541.501,-1243.075,55.61271,-0.01197975,0.8964102,0.4430635,0,0.75,1,3.845254,1.439308,-0.251204,-256.9756,-77.28497,12.6672,2.57082,0.9876954,0.1332896,-0.08180355,3.402823E+38,0.5,0.5,2.214179,1.336019,-25.13104,-158.8993,-69.17156,1257.205,24.67198,0.05569522,0.01215712,-0.9983737,3.402823E+38,0.25,0.5,9.600679,2.274327,-48.99967,-519.6424,-126.6687,2452.627,49.29712,0.1764853,0.02498794,-0.9839861,3.402823E+38,0,0.5,1.117088,26.29152,-0.2033625,-96.75356,-1304.592,9.068461,24.76418,0.01206721,0.9998947,-0.00804944,3.402823E+38,0.5,0.75,0.14,51.33,-0.1385164,-7.000003,-2541.501,6.925822,49.80468,-0.01336297,0.999907,-0.002753548,0,0.5,1,-0.6192979,26.34311,-25.13791,-3.526331,-1303.754,1255.438,35.20319,-0.04009496,0.7089874,-0.7040804,3.402823E+38,0.25,0.75,1.855487,26.39176,-50.06315,-116.5412,-1311.449,2502.129,55.63044,0.01858648,0.4518361,-0.8919073,3.402823E+38,0,0.75,0.1399962,51.33,-25.13853,5.500196,-2541.501,1256.927,55.736,-0.01195362,0.8944449,-0.4470184,0,0.25,1,0.1399924,51.33,-50.13853,18.00039,-2541.501,2506.928,70.52405,-0.009464789,0.7082109,-0.7059374,0,0,1
19,-49.0178,-35.50696,23.11569,2316.877,1823.825,-1190.392,65.23048,-0.7532229,-0.5558603,0.3516739,3.402823E+38,0.75,0,-44.56953,-8.645256,45.71264,2094.808,506.6801,-2336.275,64.4137,-0.6941744,-0.149048,0.7042063,3.402823E+38,1,0.25,-61.20188,-27.2866,43.34204,2904.429,1453.479,-2228.546,80.03873,-0.7660139,-0.3515899,0.5381516,3.402823E+38,1,0,-34.04829,-15.22056,24.0073,1619.987,786.7051,-1214.596,44.59386,-0.7659622,-0.360372,0.5323851,3.402823E+38,0.75,0.25,-44.23831,-37.81372,-1.259446,2111.626,1921.04,36.22003,58.75549,-0.7548704,-0.6555296,-0.02125451,3.402823E+38,0.5,0,-28.985,10.83172,47.32207,1339.255,-476.8317,-2404.068,56.10689,-0.52073,0.1731541,0.8359773,3.402823E+38,1,0.5,-31.51205,-16.30412,-0.7813539,1516.118,832.974,26.63515,35.90516,-0.879105,-0.4761448,-0.02146273,3.402823E+38,0.5,0.25,-37.03988,-41.50066,-24.91576,1770.831,2090.735,1227.006,61.45391,-0.6058017,-0.6864887,-0.4021661,3.402823E+38,0.25,0,-20.33498,5.674704,24.50569,952.6493,-259.5032,-1236.609,31.99401,-0.6409451,0.1429403,0.7541602,3.402823E+38,0.75,0.5,-11.58781,29.26244,49.4996,494.2187,-1418.54,-2487.264,57.75118,-0.2073729,0.4846673,0.8497612,3.402823E+38,1,0.75,-25.98971,-18.93479,-25.02195,1235.121,964.1166,1237.322,41.04475,-0.6374237,-0.4805611,-0.602289,3.402823E+38,0.25,0.25,-44.39068,-38.00809,-48.53342,2127.993,1935.289,2412.42,76.27181,-0.5846232,-0.5084951,-0.6321776,3.402823E+38,0,0,-34.27411,-15.0008,-48.26431,1639.937,788.9321,2405.747,61.10443,-0.5643427,-0.2602216,-0.7834552,3.402823E+38,0,0.25,-7.264687,27.45209,24.94531,346.7059,-1358.507,-1247.086,36.65589,-0.2087581,0.7111144,0.671369,3.402823E+38,0.75,0.75,0.1400076,51.33,49.8615,-32.0004,-2541.501,-2493.076,70.32643,-0.004968434,0.7101869,0.7039957,0,1,1,0.1400038,51.33,24.86149,-19.5002,-2541.501,-1243.075,55.60979,-0.006271638,0.8964568,0.4430866,0,0.75,1,-19.52891,5.850911,-0.4816884,920.1425,-265.0822,13.11348,20.09869,-0.9719458,0.2340396,-0.02338442,3.402823E+38,0.5,0.5,-15.71444,3.853927,-25.02778,739.4836,-171.9375,1243.482,29.45013,-0.5411112,0.09428763,-0.8356486,3.402823E+38,0.25,0.5,-21.06341,6.198752,-49.33929,1015.106,-281.9098,2457.752,53.58986,-0.3985093,0.09555861,-0.9121726,3.402823E+38,0,0.5,-6.238696,27.02446,-0.1703047,287.8745,-1333.046,4.561736,26.35222,-0.2506534,0.9680561,-0.006342296,3.402823E+38,0.5,0.75,0.14,51.33,-0.1385164,-7.000003,-2541.501,6.925822,49.80143,-0.006995907,0.9999717,-0.002753727,0,0.5,1,-5.784801,27.04172,-25.17215,262.4581,-1330.366,1254.288,36.2375,-0.1708528,0.7080429,-0.6851895,3.402823E+38,0.25,0.75,-7.445372,27.50575,-50.11539,350.3813,-1348.337,2501.543,56.73214,-0.1386856,0.4626028,-0.8756512,3.402823E+38,0,0.75,0.1399962,51.33,-25.13853,5.500196,-2541.501,1256.927,55.73308,-0.006258023,0.8944913,-0.4470416,0,0.25,1,0.1399924,51.33,-50.13853,18.00039,-2541.501,2506.928,70.52174,-0.004954986,0.708234,-0.7059604,0,0,1
20,-55.14245,-30.21996,21.22903,2811.177,1456.942,-1095.036,66.48473,-0.8257816,-0.4665236,0.3169234,3.402823E+38,0.75,0,-46.6622,-5.895129,45.18655,2386.454,221.6018,-2260.932,64.94656,-0.7156145,-0.1058135,0.6904343,3.402823E+38,1,0.25,-68.07777,-17.19728,38.20592,3457.063,789.5052,-1926.215,79.81189,-0.8498129,-0.2269562,0.4757193,3.402823E+38,1,0,-36.08583,-13.92688,24.00677,1852.877,653.0679,-1218.25,45.48572,-0.7884653,-0.3252507,0.5220483,3.402823E+38,0.75,0.25,-44.76588,-37.78988,-0.2254838,2319.557,1827.206,-7.6471,58.88412,-0.7567374,-0.6537079,-0.003797039,3.402823E+38,0.5,0,-27.63771,10.00565,48.35959,1410.772,-533.7476,-2424.292,56.00318,-0.4921851,0.1588521,0.8558737,3.402823E+38,1,0.5,-30.6181,-17.17707,-0.2359876,1595.76,818.8088,-3.605131,35.27153,-0.8607519,-0.5089821,-0.006597079,3.402823E+38,0.5,0.25,-44.12415,-38.23665,-25.21426,2265.572,1870.067,1240.278,63.84132,-0.6884606,-0.6102867,-0.3918829,3.402823E+38,0.25,0,-20.8681,5.891229,24.70232,1067.129,-308.7356,-1246.498,32.31059,-0.6412689,0.1481604,0.7528763,3.402823E+38,0.75,0.5,-10.47272,28.69472,49.72382,528.2634,-1435.449,-2490.857,57.38879,-0.1838877,0.4778942,0.8589543,3.402823E+38,1,0.75,-30.55965,-17.07886,-25.23635,1590.588,821.2227,1246.413,43.19505,-0.7033281,-0.4144374,-0.5775562,3.402823E+38,0.25,0.25,-54.04678,-31.49039,-47.07692,2783.867,1528.148,2322.15,78.3259,-0.6878334,-0.4125597,-0.5972266,3.402823E+38,0,0,-36.27577,-13.82536,-49.29706,1897.73,651.7358,2443.455,62.58205,-0.5777885,-0.2354926,-0.7814752,3.402823E+38,0,0.25,-7.970284,27.67714,24.87635,401.4799,-1376.531,-1248.572,36.85244,-0.2179937,0.7133976,0.66599,3.402823E+38,0.75,0.75,0.1400076,51.33,49.8615,-32.0004,-2541.501,-2493.076,70.32557,-0.000456121,0.7101955,0.7040043,0,1,1,0.1400038,51.33,24.86149,-19.5002,-2541.501,-1243.075,55.60869,-0.000575826,0.8964744,0.4430952,0,0.75,1,-18.98193,5.232493,-0.2209768,979.7755,-271.1004,-0.02302975,19.11109,-0.9767047,0.2142917,-0.01126795,3.402823E+38,0.5,0.5,-19.00645,5.091192,-25.1473,1001.555,-270.13,1246.922,31.38581,-0.6014826,0.1273668,-0.7886674,3.402823E+38,0.25,0.5,-21.74649,6.502802,-49.95978,1163.586,-349.108,2484.177,54.33033,-0.3997569,0.0998134,-0.9111705,3.402823E+38,0,0.5,-7.416708,27.39662,-0.1695647,398.4689,-1366.426,4.357966,26.93757,-0.2765923,0.9609675,-0.006180018,3.402823E+38,0.5,0.75,0.14,51.33,-0.1385164,-7.000003,-2541.501,6.925822,49.80021,-0.0006423962,0.999996,-0.002753793,0,0.5,1,-7.740491,27.60486,-25.16948,416.9747,-1373.058,1254.401,36.94781,-0.2113022,0.7096506,-0.6721216,3.402823E+38,0.25,0.75,-7.805634,27.62423,-50.15541,436.8045,-1375.777,2503.802,56.82771,-0.1391639,0.4638984,-0.8748896,3.402823E+38,0,0.75,0.1399962,51.33,-25.13853,5.500196,-2541.501,1256.927,55.73199,-0.0005746991,0.8945087,-0.4470502,0,0.25,1,0.1399924,51.33,-50.13853,18.00039,-2541.501,2506.928,70.52087,-0.0004550816,0.7082426,-0.705969,0,0,1
21,-41.18939,-39.37369,22.15678,1900.115,2014.005,-1132.799,61.20726,-0.6651002,-0.6547639,0.3590627,3.402823E+38,0.75,0,-16.50118,-21.35099,39.55156,818.293,1087.228,-2152.509,47.79768,-0.338594,-0.4633968,0.8189123,3.402823E+38,1,0.25,-15.66186,-43.03788,25.96238,709.1158,2201.082,-1605.087,52.94817,-0.2902622,-0.8244974,0.4857487,3.402823E+38,1,0,-35.02339,-14.23778,23.17704,1586.652,780.2936,-1182.925,44.07108,-0.7824695,-0.3425491,0.5200017,3.402823E+38,0.75,0.25,-41.61998,-38.75639,-3.429646,2035.581,1936.964,149.3926,57.07303,-0.720339,-0.6910595,-0.05957036,3.402823E+38,0.5,0,-15.47792,2.52517,46.71171,627.0278,-116.6466,-2369.571,48.68566,-0.3116769,0.03039849,0.9497017,3.402823E+38,1,0.5,-30.41481,-15.76745,-1.852456,1480.977,791.3794,77.48905,34.16516,-0.8731226,-0.4845629,-0.05343856,3.402823E+38,0.5,0.25,-25.27841,-43.67973,-22.61341,1200.78,2189.737,1091.058,55.55238,-0.4483402,-0.7976419,-0.4034335,3.402823E+38,0.25,0,-22.09433,7.910001,23.62378,976.5757,-342.1911,-1208.396,32.47065,-0.6656358,0.2086705,0.7165093,3.402823E+38,0.75,0.5,-6.867494,27.32742,49.5752,243.1857,-1333.937,-2490.604,56.01909,-0.118891,0.4652838,0.8771408,3.402823E+38,1,0.75,-19.81803,-19.30863,-24.21859,876.35,999.6086,1150.179,36.744,-0.5281429,-0.5460916,-0.6502684,3.402823E+38,0.25,0.25,-6.273684,-48.07759,-39.24054,464.1694,2395.388,2121.214,62.65775,-0.09699209,-0.7775387,-0.6213101,3.402823E+38,0,0,-5.23641,-23.3847,-44.10041,314.3716,1172.165,2251.487,50.16376,-0.1004372,-0.4818968,-0.8704527,3.402823E+38,0,0.25,-3.651608,26.62883,24.79589,109.346,-1310.757,-1247.755,35.31078,-0.09784,0.7148359,0.6924139,3.402823E+38,0.75,0.75,0.1400076,51.33,49.8615,-32.0004,-2541.501,-2493.076,70.32614,0.004064728,0.7101898,0.7039986,0,1,1,0.1400038,51.33,24.86149,-19.5002,-2541.501,-1243.075,55.60942,0.005130781,0.8964627,0.4430895,0,0.75,1,-18.71373,7.173513,-1.135156,856.4769,-329.7204,36.47153,19.08883,-0.9477776,0.3136233,-0.05794914,3.402823E+38,0.5,0.5,-12.45742,4.560936,-25.03578,457.3399,-164.5274,1194.629,27.62085,-0.437737,0.1255629,-0.8902922,3.402823E+38,0.25,0.5,-4.667261,1.197678,-48.55183,221.1602,-50.49566,2418.521,48.262,-0.09268241,0.0034387,-0.9956898,3.402823E+38,0,0.5,-2.442649,26.09062,-0.04707785,70.18937,-1288.57,-9.884812,24.66551,-0.091187,0.995832,-0.001870729,3.402823E+38,0.5,0.75,0.14,51.33,-0.1385164,-7.000003,-2541.501,6.925822,49.80102,0.005723171,0.9999799,-0.002753749,0,0.5,1,-0.1668793,26.33202,-24.93953,-14.0576,-1304.062,1237.477,35.02707,-0.0005347471,0.7121899,-0.7019867,3.402823E+38,0.25,0.75,-1.051642,26.35572,-49.92941,55.66459,-1304.472,2485.077,55.49245,-0.01614076,0.4523059,-0.8917168,3.402823E+38,0,0.75,0.1399962,51.33,-25.13853,5.500196,-2541.501,1256.927,55.73272,0.005119395,0.8944971,-0.4470445,0,0.25,1,0.1399924,51.33,-50.13853,18.00039,-2541.501,2506.928,70.52145,0.004053335,0.7082368,-0.7059633,0,0,1
22,-67.17889,-20.57844,25.45765,3314.078,1058.858,-1314.106,74.10355,-0.8942385,-0.2896436,0.341239,3.402823E+38,0.75,0,-45.89998,-6.859735,49.6156,2206.747,397.5372,-2490.746,67.2366,-0.670752,-0.1164767,0.7324786,3.402823E+38,1,0.25,-69.28343,-15.96029,49.90104,3341.84,919.7957,-2555.272,86.1873,-0.7938638,-0.1959951,0.5756441,3.402823E+38,1,0,-48.0467,-4.522876,24.82977,2399.074,207.6286,-1269.77,53.45665,-0.8818408,-0.1029137,0.46018,3.402823E+38,0.75,0.25,-62.84687,-24.72264,0.5387259,3133.767,1231.358,-59.71702,66.99016,-0.9243029,-0.3815762,0.007982288,3.402823E+38,0.5,0,-26.33989,8.702029,49.26352,1250.548,-398.7414,-2456.372,55.67149,-0.4606316,0.1365823,0.8770199,3.402823E+38,1,0.5,-50.53805,-3.105393,-0.30935,2539.89,147.7211,-20.06097,49.74396,-0.9965881,-0.08230628,-0.006156958,3.402823E+38,0.5,0.25,-45.09339,-34.24364,-14.35079,2240.743,1698.819,680.933,58.16704,-0.7606975,-0.6012514,-0.2446142,3.402823E+38,0.25,0,-28.02593,10.29587,23.9193,1385.539,-507.7582,-1191.587,37.15057,-0.7320051,0.2461016,0.6352972,3.402823E+38,0.75,0.5,-9.849736,28.42623,49.20707,478.7495,-1412.241,-2460.01,56.59599,-0.1643585,0.4798276,0.8618305,3.402823E+38,1,0.75,-39.5843,-10.74455,-21.43938,1941.921,536.6099,1004.611,45.63638,-0.8478943,-0.2552119,-0.4646957,3.402823E+38,0.25,0.25,-23.90909,-42.48869,-25.57115,1148.656,2097.532,1179.517,55.15393,-0.4212383,-0.7819516,-0.459467,3.402823E+38,0,0,-20.2309,-19.38664,-35.38388,961.5248,951.7995,1682.355,44.88202,-0.4355331,-0.4498838,-0.7796893,3.402823E+38,0,0.25,-14.46596,31.05127,24.78348,750.0867,-1567.212,-1249.398,40.87039,-0.3384168,0.7256703,0.5990631,3.402823E+38,0.75,0.75,0.1400076,51.33,49.8615,-32.0004,-2541.501,-2493.076,70.32815,0.008549306,0.7101697,0.7039787,0,1,1,0.1400038,51.33,24.86149,-19.5002,-2541.501,-1243.075,55.61195,0.01079142,0.8964223,0.4430695,0,0.75,1,-34.38361,15.72841,0.3591452,1763.212,-818.9351,-41.44791,36.46767,-0.9175066,0.3976018,0.009715117,3.402823E+38,0.5,0.5,-30.47217,12.30863,-24.59101,1523.703,-613.8112,1194.432,39.90203,-0.7427016,0.2791599,-0.6086577,3.402823E+38,0.25,0.5,-15.1681,4.029661,-42.54293,780.1185,-197.8511,2107.76,44.61169,-0.3259151,0.06649409,-0.9430578,3.402823E+38,0,0.5,-17.82951,34.44571,-0.1141386,934.8725,-1744.246,-5.139973,37.15807,-0.461096,0.8873451,-0.003030919,3.402823E+38,0.5,0.75,0.14,51.33,-0.1385164,-7.000003,-2541.501,6.925822,49.80384,0.01203733,0.9999238,-0.002753595,0,0.5,1,-17.95361,34.13093,-25.11303,919.8683,-1700.057,1243.9,44.57959,-0.3879381,0.7342776,-0.5570821,3.402823E+38,0.25,0.75,-11.21645,29.10398,-49.00972,597.0511,-1447.47,2443.852,56.99507,-0.1869887,0.488285,-0.852416,3.402823E+38,0,0.75,0.1399962,51.33,-25.13853,5.500196,-2541.501,1256.927,55.73524,0.01076763,0.894457,-0.4470244,0,0.25,1,0.1399924,51.33,-50.13853,18.00039,-2541.501,2506.928,70.52345,0.008525583,0.7082169,-0.7059434,0,0,1
23,-39.18991,-39.64492,21.23049,2127.816,1881.985,-1074.171,59.33283,-0.6418372,-0.6798093,0.3548301,3.402823E+38,0.75,0,-42.71718,-8.619477,38.20348,2229.42,352.9345,-1947.887,57.03921,-0.7287241,-0.1677026,0.6639556,3.402823E+38,1,0.25,-57.92933,-28.23602,33.22643,3025.548,1298.001,-1714.423,71.78931,-0.7904676,-0.4048457,0.4596313,3.402823E+38,1,0,-24.96622,-18.83605,23.86997,1378.674,879.2979,-1201.274,38.85825,-0.6143374,-0.5047495,0.6064796,3.402823E+38,0.75,0.25,-27.16782,-44.65535,-0.07706161,1541.54,2154.688,-5.284989,52.25515,-0.5000619,-0.8659884,-0.001460741,3.402823E+38,0.5,0,-26.89017,9.775555,44.20443,1403.345,-532.4258,-2231.672,51.57584,-0.5012534,0.1679388,0.8488473,3.402823E+38,1,0.5,-18.22066,-21.31679,-0.1936502,1064.17,1011.29,4.266909,27.84343,-0.6150873,-0.7884295,-0.006832279,3.402823E+38,0.5,0.25,-33.95681,-41.751,-23.96292,1870.949,2007.445,1190.882,58.70028,-0.5602986,-0.7226485,-0.4047772,3.402823E+38,0.25,0,-12.69232,2.919762,24.78981,731.1662,-178.0128,-1239.685,27.06525,-0.4318968,0.06855595,0.8993138,3.402823E+38,0.75,0.5,-9.346615,28.20809,49.21403,499.2119,-1422.386,-2463.319,56.36771,-0.1505184,0.4779178,0.8654125,3.402823E+38,1,0.75,-19.50603,-20.96177,-25.16439,1104.406,1006.734,1253.542,37.80519,-0.4886819,-0.5741198,-0.6569448,3.402823E+38,0.25,0.25,-43.99611,-36.0564,-46.17342,2205.117,1828.302,2381.991,72.8104,-0.5893998,-0.5058818,-0.6298345,3.402823E+38,0,0,-28.15751,-16.80277,-48.34836,1469.98,829.4025,2435.442,57.84995,-0.4690754,-0.3056175,-0.828593,3.402823E+38,0,0.25,-2.988483,26.53943,25.09211,192.8087,-1322.857,-1255.626,35.34958,-0.06140959,0.7115686,0.6999278,3.402823E+38,0.75,0.75,0.1400076,51.33,49.8615,-32.0004,-2541.501,-2493.076,70.33163,0.01308714,0.7101348,0.7039441,0,1,1,0.1400038,51.33,24.86149,-19.5002,-2541.501,-1243.075,55.61634,0.01651889,0.8963522,0.4430348,0,0.75,1,-10.73219,2.62447,-0.1292791,625.239,-151.3551,5.224649,9.573049,-0.9873092,0.1582907,-0.01283416,3.402823E+38,0.5,0.5,-9.907765,2.116981,-25.16859,578.8045,-116.1978,1255.524,26.29232,-0.3404255,0.0405706,-0.9393958,3.402823E+38,0.25,0.5,-14.94287,4.378086,-49.55593,845.4881,-242.1444,2470.208,51.14677,-0.2740905,0.06482662,-0.9595165,3.402823E+38,0,0.5,-3.954489,26.69172,-0.10887,256.3985,-1333.742,5.596575,25.3567,-0.1225026,0.9924592,-0.004210514,3.402823E+38,0.5,0.75,0.14,51.33,-0.1385164,-7.000003,-2541.501,6.925822,49.80873,0.01842574,0.9998264,-0.002753327,0,0.5,1,-3.112061,26.54008,-25.097,194.3834,-1318.307,1253.853,35.36126,-0.06483558,0.711355,-0.699836,3.402823E+38,0.25,0.75,-2.632564,26.48898,-50.03701,211.3729,-1318.86,2502.088,55.67177,-0.03285616,0.4532344,-0.8907856,3.402823E+38,0,0.75,0.1399962,51.33,-25.13853,5.500196,-2541.501,1256.927,55.73962,0.01648254,0.8943873,-0.4469896,0,0.25,1,0.1399924,51.33,-50.13853,18.00039,-2541.501,2506.928,70.52691,0.01305094,0.7081823,-0.705909,0,0,1
24,30.12347,-44.06603,24.56927,-1338.412,2233.251,-1198.761,59.49707,0.5170541,-0.7516372,0.4095079,3.402823E+38,0.75,0,17.26721,-21.63898,48.70147,-693.3719,1111.523,-2391.117,56.20715,0.3203382,-0.3997553,0.8588243,3.402823E+38,1,0.25,22.97568,-45.9758,48.45221,-860.4431,2337.064,-2347.222,71.10395,0.3334164,-0.6564693,0.6766694,3.402823E+38,1,0,23.95769,-19.77317,24.68674,-1101.817,1013.571,-1214.632,40.24341,0.6100606,-0.5105898,0.6059077,3.402823E+38,0.75,0.25,30.18204,-43.91025,-0.5510091,-1401.143,2205.481,53.61066,54.14352,0.5687827,-0.822426,-0.0100837,3.402823E+38,0.5,0,13.25554,3.033739,49.37379,-565.6632,-118.7697,-2444.806,50.90152,0.2753575,0.0389821,0.9605513,3.402823E+38,1,0.5,24.48109,-19.57102,-0.3831968,-1143.461,994.628,39.6349,32.19037,0.7763556,-0.6301863,-0.01172201,3.402823E+38,0.5,0.25,19.04012,-46.05783,-22.83131,-784.3227,2304.155,1137.302,55.50063,0.3560384,-0.8408446,-0.4076973,3.402823E+38,0.25,0,17.24921,4.304379,24.72794,-819.8369,-192.4498,-1225.223,30.34677,0.5883102,0.1061498,0.8016379,3.402823E+38,0.75,0.5,7.480649,27.43425,49.73043,-349.1559,-1344.326,-2478.864,56.42544,0.1471909,0.4638392,0.8736064,3.402823E+38,1,0.75,18.01837,-20.9568,-24.49202,-789.5533,1059.38,1237.218,37.46205,0.4983036,-0.5791785,-0.6451711,3.402823E+38,0.25,0.25,-2.579328,-47.65962,-35.46913,325.3724,2341.023,1720.235,59.76246,-0.02789584,-0.8079594,-0.5885774,3.402823E+38,0,0,-2.085834,-22.82308,-39.32509,243.0636,1120.773,1947.154,45.50916,-0.02581178,-0.518442,-0.8547231,3.402823E+38,0,0.25,9.607973,28.19468,24.83411,-475.1111,-1389.356,-1236.308,37.77576,0.2744878,0.7097098,0.6488208,3.402823E+38,0.75,0.75,0.1400076,51.33,49.8615,-32.0004,-2541.501,-2493.076,70.33317,0.01465788,0.7101194,0.7039288,0,1,1,0.1400038,51.33,24.86149,-19.5002,-2541.501,-1243.075,55.61829,0.01850128,0.8963211,0.4430195,0,0.75,1,17.90659,4.650147,-0.2629861,-820.5552,-204.5903,25.27052,18.65194,0.9818767,0.1890225,-0.01373156,3.402823E+38,0.5,0.5,15.62779,3.912853,-25.32785,-708.0718,-174.7994,1275.968,29.87962,0.5439846,0.09489431,-0.833712,3.402823E+38,0.25,0.5,0.07952875,1.479156,-44.75815,120.9787,-82.94873,2207.749,44.27108,0.02183965,0.01003229,-0.9997112,3.402823E+38,0,0.5,7.550913,27.40492,-0.3158664,-349.3289,-1350.876,21.7018,27.19701,0.3050571,0.9522657,-0.01140435,3.402823E+38,0.5,0.75,0.14,51.33,-0.1385164,-7.000003,-2541.501,6.925822,49.81091,0.0206368,0.9997832,-0.002753208,0,0.5,1,10.17851,28.44894,-25.15588,-479.4877,-1402.264,1263.853,38.32411,0.2853064,0.7062349,-0.6479448,3.402823E+38,0.25,0.75,3.249345,26.53889,-49.30239,-98.29108,-1310.812,2462.768,55.16536,0.07450957,0.4582542,-0.8856926,3.402823E+38,0,0.75,0.1399962,51.33,-25.13853,5.500196,-2541.501,1256.927,55.74157,0.01846059,0.8943564,-0.4469741,0,0.25,1,0.1399924,51.33,-50.13853,18.00039,-2541.501,2506.928,70.52845,0.01461736,0.708167,-0.7058937,0,0,1
25,53.76181,-31.4515,22.18002,-2706.539,1557.301,-1093.374,66.58023,0.8100639,-0.4842187,0.3306491,3.402823E+38,0.75,0,51.23414,-1.04478,39.17849,-2572.585,70.43399,-1973.829,64.49001,0.7972241,-0.03192459,0.6028387,3.402823E+38,1,0.25,70.45778,-14.61547,30.08745,-3537.102,747.1453,-1542.727,78.21494,0.9024366,-0.1987611,0.3822331,3.402823E+38,1,0,36.13657,-13.58689,23.6985,-1831.935,666.7579,-1167.745,45.57811,0.7967781,-0.3172197,0.5143114,3.402823E+38,0.75,0.25,46.15583,-36.67414,-0.9259004,-2338.079,1801.609,71.42202,59.55381,0.7781902,-0.6278393,-0.01541785,3.402823E+38,0.5,0,31.53272,12.78364,45.84635,-1585.735,-617.6556,-2296.302,56.69352,0.5614303,0.2055065,0.8016003,3.402823E+38,1,0.5,30.26067,-17.38665,-0.5687475,-1529.864,857.8181,38.16363,35.42334,0.8584425,-0.5126653,-0.01583225,3.402823E+38,0.5,0.25,43.54381,-38.41085,-25.72759,-2156.999,1909.204,1303.763,64.03043,0.6837282,-0.6111978,-0.3986893,3.402823E+38,0.25,0,20.30468,5.709336,24.60926,-1038.499,-287.1114,-1220.308,32.11251,0.6403108,0.1434829,0.7545958,3.402823E+38,0.75,0.5,12.64567,29.68829,49.33501,-667.2306,-1476.177,-2460.276,58.06699,0.2257778,0.489325,0.842369,3.402823E+38,1,0.75,29.28089,-17.5917,-25.55028,-1493.99,851.7841,1287.489,42.98685,0.6866065,-0.4282146,-0.5875405,3.402823E+38,0.25,0.25,48.41351,-34.90591,-49.80264,-2280.717,1809.414,2537.763,78.06085,0.6236053,-0.4574277,-0.6339371,3.402823E+38,0,0,37.66063,-12.38718,-48.53971,-1817.385,658.632,2477.462,62.73192,0.6047276,-0.21219,-0.7676457,3.402823E+38,0,0.25,7.311598,27.3859,25.02162,-387.9085,-1359.47,-1247.172,36.68806,0.2121395,0.7087192,0.6728402,3.402823E+38,0.75,0.75,0.1400076,51.33,49.8615,-32.0004,-2541.501,-2493.076,70.32919,0.01012954,0.7101592,0.7039682,0,1,1,0.1400038,51.33,24.86149,-19.5002,-2541.501,-1243.075,55.61327,0.01278598,0.8964012,0.4430591,0,0.75,1,17.12314,4.231996,-0.1435442,-864.0945,-211.7393,14.94475,17.48846,0.9839976,0.1780028,-0.007979793,3.402823E+38,0.5,0.5,17.10944,4.23488,-25.20465,-878.0806,-224.6986,1268.938,30.45758,0.571327,0.1035249,-0.8141671,3.402823E+38,0.25,0.5,22.41344,7.410365,-49.42987,-1089.531,-347.4261,2494.99,54.38718,0.4188755,0.1162451,-0.9005722,3.402823E+38,0,0.5,7.079523,27.12209,-0.1969261,-361.5938,-1344.654,14.00496,26.69311,0.281578,0.959511,-0.007241763,3.402823E+38,0.5,0.75,0.14,51.33,-0.1385164,-7.000003,-2541.501,6.925822,49.80531,0.0142621,0.9998945,-0.002753514,0,0.5,1,5.896076,27.00821,-25.17274,-316.2771,-1346.121,1262.991,36.24834,0.1761585,0.7069218,-0.6850035,3.402823E+38,0.25,0.75,7.3584,27.39909,-50.12286,-376.6715,-1367.344,2511.043,56.68922,0.1387649,0.4610849,-0.8764388,3.402823E+38,0,0.75,0.1399962,51.33,-25.13853,5.500196,-2541.501,1256.927,55.73656,0.01275782,0.8944361,-0.4470139,0,0.25,1,0.1399924,51.33,-50.13853,18.00039,-2541.501,2506.928,70.52449,0.01010147,0.7082065,-0.705933,0,0,1
26,24.81133,-44.55042,20.59599,-1404.277,2157.291,-1010.097,55.44857,0.4480788,-0.8146842,0.3681237,3.402823E+38,0.75,0,27.76118,-18.19848,44.08379,-1574.873,826.4671,-2150.029,55.16141,0.503387,-0.3454545,0.7919992,3.402823E+38,1,0.25,40.10408,-39.70551,39.77662,-2248.23,1847.483,-1878.873,69.29013,0.5783358,-0.5836859,0.5699461,3.402823E+38,1,0,14.49089,-21.79897,23.19779,-851.4963,1051.603,-1154.982,35.23277,0.4127567,-0.6388805,0.6492023,3.402823E+38,0.75,0.25,11.07805,-47.97626,-0.06735702,-684.3566,2356.339,-2.914823,49.80035,0.2253682,-0.9742727,-0.001339096,3.402823E+38,0.5,0,17.09496,4.229649,46.95887,-986.3078,-251.1435,-2324.851,49.66473,0.3459204,0.06378284,0.9360933,3.402823E+38,1,0.5,5.811032,-23.53537,-0.2010107,-389.4023,1154.008,6.078319,24.80477,0.2398392,-0.9707801,-0.007943587,3.402823E+38,0.5,0.25,22.17328,-45.52552,-22.33159,-1211.092,2225.695,1123.375,55.79637,0.3984507,-0.8269721,-0.396679,3.402823E+38,0.25,0,6.28048,1.771792,24.4739,-408.6245,-103.8141,-1222.2,24.84313,0.2579999,0.02926995,0.9657015,3.402823E+38,0.75,0.5,5.768364,26.97741,49.45261,-362.3214,-1348.607,-2468.876,55.67068,0.1072874,0.4619386,0.8803989,3.402823E+38,1,0.75,12.82268,-22.2235,-24.15786,-695.8821,1091.519,1216.578,35.49212,0.3634329,-0.646072,-0.6711985,3.402823E+38,0.25,0.25,41.01227,-38.81283,-37.37284,-2159.101,1836.244,1838.346,67.96473,0.6027967,-0.5819468,-0.54587,3.402823E+38,0,0,28.39919,-17.71999,-43.22704,-1459.103,853.422,2181.529,54.64867,0.519636,-0.3399899,-0.7838274,3.402823E+38,0,0.25,0.6565875,26.33334,24.99343,-83.858,-1305.847,-1250.852,35.07762,0.02570807,0.7112151,0.7025042,3.402823E+38,0.75,0.75,0.1400076,51.33,49.8615,-32.0004,-2541.501,-2493.076,70.32668,0.005620084,0.7101845,0.7039933,0,1,1,0.1400038,51.33,24.86149,-19.5002,-2541.501,-1243.075,55.61009,0.007094054,0.896452,0.4430842,0,0.75,1,2.154603,1.366298,-0.177048,-185.6387,-73.65456,7.142575,1.942398,0.9878189,0.1376917,-0.07248943,3.402823E+38,0.5,0.5,5.240898,1.581786,-25.12239,-305.2455,-83.13225,1258.246,25.22309,0.2137745,0.02145101,-0.9766475,3.402823E+38,0.25,0.5,16.7822,4.063619,-47.15785,-843.3079,-204.8442,2380.109,49.73381,0.3392187,0.06038999,-0.9387671,3.402823E+38,0,0.5,0.6460668,26.32406,-0.2154045,-65.10386,-1305.532,9.629681,24.81112,0.03571991,0.9993256,-0.008510271,3.402823E+38,0.5,0.75,0.14,51.33,-0.1385164,-7.000003,-2541.501,6.925822,49.80177,0.007913126,0.9999649,-0.002753708,0,0.5,1,0.5995885,26.33747,-25.21712,-59.137,-1305.706,1259.52,35.23663,0.02399871,0.7081661,-0.7056379,3.402823E+38,0.25,0.75,5.664801,26.95358,-49.73787,-301.7512,-1345.23,2487.656,55.90007,0.1050149,0.4596373,-0.8818761,3.402823E+38,0,0.75,0.1399962,51.33,-25.13853,5.500196,-2541.501,1256.927,55.73339,0.007078364,0.8944864,-0.4470391,0,0.25,1,0.1399924,51.33,-50.13853,18.00039,-2541.501,2506.928,70.52198,0.005604414,0.7082315,-0.705958,0,0,1
27,-10.01424,-46.88133,21.24457,594.808,2319.574,-1091.335,52.87018,-0.1888162,-0.8977172,0.3980606,3.402823E+38,0.75,0,-22.54951,-19.56795,38.6601,1134.045,1000.064,-2108.463,48.79707,-0.4586972,-0.4178332,0.7842272,3.402823E+38,1,0.25,-33.15284,-38.33942,26.01026,1704.962,1983.707,-1580.718,57.20416,-0.5756213,-0.6822631,0.4507519,3.402823E+38,1,0,-1.716039,-23.3552,24.82023,218.4552,1147.382,-1234.362,34.34031,-0.05106007,-0.6999136,0.7124,3.402823E+38,0.75,0.25,3.317941,-47.5584,-0.6497685,-106.7927,2360.124,8.777226,48.20164,0.06683617,-0.9976748,-0.01334182,3.402823E+38,0.5,0,-13.9846,3.104347,44.73703,748.0193,-161.1688,-2306.364,46.43652,-0.2992875,0.04419473,0.9531389,3.402823E+38,1,0.5,3.23595,-22.45462,-0.2506065,-89.08299,1114.337,-6.206988,23.19933,0.1338873,-0.9909402,-0.01057441,3.402823E+38,0.5,0.25,-10.45299,-46.94236,-21.6126,555.6113,2341.269,1075.552,53.15665,-0.1959851,-0.8940617,-0.4027945,3.402823E+38,0.25,0,1.684393,1.497641,25.12282,61.47296,-89.74979,-1259.337,24.67943,0.06439713,0.01857236,0.9977515,3.402823E+38,0.75,0.5,-5.948557,27.13401,48.60729,310.7755,-1352.069,-2462.314,54.99978,-0.1083151,0.4703444,0.8758105,3.402823E+38,1,0.75,-4.934987,-22.80629,-23.83615,362.6786,1128.743,1157.414,33.578,-0.1466605,-0.6994628,-0.6994588,3.402823E+38,0.25,0.25,-20.35402,-46.6626,-45.068,847.2543,2356.839,2315.107,68.22088,-0.2970993,-0.6940045,-0.6558123,3.402823E+38,0,0,-13.50989,-22.73643,-47.62741,552.4582,1154.519,2397.163,54.43118,-0.2470874,-0.4326584,-0.8670378,3.402823E+38,0,0.25,3.043383,26.54925,25.28727,-48.80815,-1305.253,-1265.287,35.54943,0.08267739,0.7078961,0.701461,3.402823E+38,0.75,0.75,0.1400076,51.33,49.8615,-32.0004,-2541.501,-2493.076,70.3256,0.001088558,0.7101952,0.704004,0,1,1,0.1400038,51.33,24.86149,-19.5002,-2541.501,-1243.075,55.60873,0.00137401,0.8964736,0.4430949,0,0.75,1,-4.532639,1.622055,0.9134985,294.4179,-85.55618,-31.94583,4.222719,-0.9730726,0.1253631,0.1934264,3.402823E+38,0.5,0.5,-6.500079,2.133842,-24.32236,380.7726,-107.6703,1214.293,24.71643,-0.2602664,0.0437747,-0.964544,3.402823E+38,0.25,0.5,-8.59016,1.719232,-49.22522,378.1087,-69.2523,2462.616,49.48473,-0.1731143,0.01378885,-0.9848052,3.402823E+38,0,0.5,-3.16205,26.57978,0.300108,183.1343,-1318.195,-13.87322,25.25425,-0.1252205,0.9920605,0.01165276,3.402823E+38,0.5,0.75,0.14,51.33,-0.1385164,-7.000003,-2541.501,6.925822,49.80025,0.001532599,0.9999951,-0.002753791,0,0.5,1,-4.750708,26.81274,-24.64326,252.3059,-1328.186,1233.98,35.48904,-0.1337523,0.7164054,-0.6847435,3.402823E+38,0.25,0.75,-4.262918,26.71939,-49.8747,209.7655,-1318.76,2489.812,55.76849,-0.07687833,0.4565502,-0.8863699,3.402823E+38,0,0.75,0.1399962,51.33,-25.13853,5.500196,-2541.501,1256.927,55.73203,0.001370861,0.894508,-0.4470499,0,0.25,1,0.1399924,51.33,-50.13853,18.00039,-2541.501,2506.928,70.5209,0.001085349,0.7082422,-0.7059687,0,0,1
28,35.55705,-41.97792,23.95135,-1611.136,2145.451,-1159.342,60.00218,0.5813569,-0.7108491,0.3958759,3.402823E+38,0.75,0,19.23881,-21.17715,47.58664,-763.7115,1103.326,-2311.417,55.29571,0.3379314,-0.3980082,0.8528727,3.402823E+38,1,0.25,24.32408,-45.681,46.0164,-941.1829,2323.293,-2204.268,69.30379,0.3429669,-0.6691757,0.659225,3.402823E+38,1,0,28.36569,-17.83276,24.4165,-1320.972,933.2339,-1197.836,41.15287,0.6717904,-0.4528562,0.5861902,3.402823E+38,0.75,0.25,38.77317,-40.70484,-1.081559,-1844.089,2060.603,78.27491,56.21612,0.6768706,-0.735855,-0.0190697,3.402823E+38,0.5,0,9.323078,1.764037,47.21199,-382.682,-75.88088,-2324.617,47.55646,0.1860184,0.01527448,0.9824275,3.402823E+38,1,0.5,32.55883,-16.38853,-0.5656499,-1570.151,842.4489,40.56203,36.09187,0.8792975,-0.4760219,-0.01545835,3.402823E+38,0.5,0.25,18.68212,-43.93895,-15.95685,-779.324,2179.183,756.1819,50.6044,0.3580597,-0.8799428,-0.3122403,3.402823E+38,0.25,0,16.75062,4.47765,23.55499,-822.5528,-218.9408,-1169.064,28.38944,0.5665365,0.1193394,0.8153493,3.402823E+38,0.75,0.5,6.169386,27.07215,49.24695,-286.0641,-1330.323,-2452.954,55.5083,0.1033006,0.4649694,0.8792794,3.402823E+38,1,0.75,20.54186,-19.54487,-22.2592,-914.0178,983.1177,1095.921,35.9026,0.5537564,-0.5652035,-0.6114727,3.402823E+38,0.25,0.25,-6.022637,-39.82122,-13.2055,451.8102,1930.647,621.9494,42.90793,-0.1475843,-0.9411003,-0.3042187,3.402823E+38,0,0,-3.429894,-20.8108,-30.31338,290.58,998.9239,1484.367,37.05616,-0.1015436,-0.5815504,-0.8071481,3.402823E+38,0,0.25,11.73172,29.18278,24.9689,-588.3103,-1439.802,-1245.469,38.80398,0.2887247,0.7162831,0.6352767,3.402823E+38,0.75,0.75,0.1400076,51.33,49.8615,-32.0004,-2541.501,-2493.076,70.32598,-0.003440611,0.7101914,0.7040002,0,1,1,0.1400038,51.33,24.86149,-19.5002,-2541.501,-1243.075,55.60921,-0.00434311,0.8964661,0.4430911,0,0.75,1,23.86483,7.329129,-0.2422781,-1175.773,-353.01,22.36595,23.81258,0.965802,0.2590892,-0.00996513,3.402823E+38,0.5,0.5,18.53822,5.207921,-24.78731,-866.8846,-243.5632,1239.839,30.5073,0.585492,0.1347399,-0.7994024,3.402823E+38,0.25,0.5,0.03740426,1.415155,-41.16061,62.38573,-74.65457,2058.336,40.66387,-0.008412426,0.009356618,-0.9999208,3.402823E+38,0,0.5,13.33396,30.00716,-0.2648925,-677.4232,-1488.247,20.01179,31.24043,0.4080053,0.9129414,-0.008345586,3.402823E+38,0.5,0.75,0.14,51.33,-0.1385164,-7.000003,-2541.501,6.925822,49.80079,-0.004844701,0.9999844,-0.002753762,0,0.5,1,12.54349,29.66839,-25.25293,-599.7047,-1460.853,1267.533,39.57154,0.3034522,0.7146814,-0.630196,3.402823E+38,0.25,0.75,3.98391,26.68812,-48.75676,-163.6325,-1319.864,2441.553,54.71343,0.06520548,0.4647079,-0.8830599,3.402823E+38,0,0.75,0.1399962,51.33,-25.13853,5.500196,-2541.501,1256.927,55.73251,-0.004333723,0.8945004,-0.4470461,0,0.25,1,0.1399924,51.33,-50.13853,18.00039,-2541.501,2506.928,70.52128,-0.003431365,0.7082385,-0.705965,0,0,1
