frame,x0,y0,z0,vx0,vy0,vz0, sdf0, nx0, ny0, nz0,x1,y1,z1,vx1,vy1,vz1, sdf1, nx1, ny1, nz1,x2,y2,z2,vx2,vy2,vz2, sdf2, nx2, ny2, nz2,x3,y3,z3,vx3,vy3,vz3, sdf3, nx3, ny3, nz3,x4,y4,z4,vx4,vy4,vz4, sdf4, nx4, ny4, nz4,x5,y5,z5,vx5,vy5,vz5, sdf5, nx5, ny5, nz5,x6,y6,z6,vx6,vy6,vz6, sdf6, nx6, ny6, nz6,x7,y7,z7,vx7,vy7,vz7, sdf7, nx7, ny7, nz7,x8,y8,z8,vx8,vy8,vz8, sdf8, nx8, ny8, nz8,x9,y9,z9,vx9,vy9,vz9, sdf9, nx9, ny9, nz9,dx0,dy0,dz0,dx1,dy1,dz1,dx2,dy2,dz2,dx3,dy3,dz3,dx4,dy4,dz4,dx5,dy5,dz5,dx6,dy6,dz6,dx7,dy7,dz7,dx8,dy8,dz8,dx9,dy9,dz9
1,-0.0025,-0.005,0,0,0,0,-0.005,-0.0025,0,0,0,0,-0.005,-0.005,0,0,0,0,-0.0025,-0.0025,0,0,0,0,0,-0.005,0,0,0,0,-0.005,0,0,0,0,0,0,-0.0025,0,0,0,0,0.0025,-0.005,0,0,0,0,-0.0025,0,0,0,0,0,-0.005,0.0025,0,0,0,0,0,0,0,0,0,0,0,0,0,0,0,0,0,0,0,0,0,0,0,0,0,0,0,0,0,0,0,0,0,0,2.562684,2.564194,2.565037,2.56184,2.560331,2.563352,2.559486,2.557978,2.560998,2.562512,-0.9411681,-0.3379389,0,-0.9415202,-0.3369565,0,-0.9412611,-0.3376794,0,-0.9414275,-0.3372156,0,-0.9410747,-0.3381987,0,-0.9417788,-0.336233,0,-0.9413345,-0.3374749,0,-0.9409811,-0.3384589,0,-0.9416865,-0.3364916,0,-0.9420371,-0.3355088,0
2,-0.2500001,-0.5,0,-12.37501,-24.75001,0,-0.5000001,-0.25,0,-24.75002,-12.375,0,-0.5000001,-0.5,0,-24.75002,-24.75001,0,-0.2500001,-0.25,0,-12.37501,-12.375,0,0,-0.5,0,0,-24.75001,0,-0.5000001,0,0,-24.75002,0,0,0,-0.25,0,0,-12.375,0,0.2500001,-0.5,0,12.37501,-24.75001,0,-0.2500001,0,0,-12.37501,0,0,-0.5000001,0.25,0,-24.75002,12.375,0,0,0,0,0,0,0,0,0,0,0,0,0,0,0,0,0,0,0,0,0,0,0,0,0,0,0,0,0,0,0,2.965978,3.095553,3.191951,2.863109,2.743532,3.014328,2.633369,2.525393,2.776126,2.949348,-0.8972937,-0.4414339,0,-0.9344878,-0.3559953,0,-0.910088,-0.4144151,0,-0.9247397,-0.3806002,0,-0.8817548,-0.471708,0,-0.9560861,-0.2930859,0,-0.9127556,-0.408506,0,-0.862698,-0.5057195,0,-0.949292,-0.3143957,0,-0.9740972,-0.2261297,0
3,-0.2499822,-0.4999812,0,0.000893325,0.0009387735,0,-0.5000013,-0.2499766,0,-5.662443E-05,0.001169742,0,-0.4999944,-0.4998829,0,0.0002861024,0.005854669,0,-0.2500052,-0.2499586,0,-0.0002592803,0.002067537,0,-4.312905E-05,-0.4999559,0,-0.002156453,0.002206863,0,-0.4999581,4.705476E-05,0,0.002102555,0.002352739,0,5.944457E-09,-0.2499295,0,2.97223E-07,0.003523381,0,0.2499517,-0.4999508,0,-0.002417714,0.002461673,0,-0.2500053,7.757397E-05,0,-0.0002607704,0.0038787,0,-0.5000008,0.2499613,0,-3.57628E-05,-0.001934172,0,0,0,0,0,0,0,0,0,0,0,0,0,0,0,0,0,0,0,0,0,0,0,0,0,0,0,0,0,0,0,2.948019,3.076863,3.173704,2.844612,2.725928,2.995157,2.615096,2.508172,2.757127,2.929879,-0.8961617,-0.4437276,0,-0.9337795,-0.3578489,0,-0.9091625,-0.4164415,0,-0.9238757,-0.3826928,0,-0.8803803,-0.4742685,0,-0.955596,-0.29468,0,-0.9116896,-0.4108797,0,-0.8610041,-0.5085981,0,-0.9486906,-0.3162058,0,-0.9737957,-0.2274246,0
4,-0.25001,-0.5000454,0,-0.001389534,-0.003206731,0,-0.499993,-0.249971,0,0.0004127623,0.0002793969,0,-0.4999739,-0.4999978,0,0.0010252,-0.00574291,0,-0.2499513,-0.2500104,0,0.002699347,-0.002587588,0,4.236039E-05,-0.5000222,0,0.004274473,-0.00331849,0,-0.5000117,4.295079E-05,0,-0.0026837,-0.0002051988,0,1.655885E-05,-0.2500732,0,0.0008276455,-0.007181617,0,0.250001,-0.500045,0,0.002466888,-0.004711749,0,-0.2499658,-4.762843E-05,0,0.001975895,-0.006260122,0,-0.5000074,0.2500564,0,-0.0003278257,0.004751982,0,0,0,0,0,0,0,0,0,0,0,0,0,0,0,0,0,0,0,0,0,0,0,0,0,0,0,0,0,0,0,2.777222,2.898372,3.000197,2.668159,2.558312,2.81233,2.441263,2.344645,2.575693,2.743302,-0.8843246,-0.4668726,0,-0.9263588,-0.3766424,0,-0.8994043,-0.4371176,0,-0.9147487,-0.4040233,0,-0.8658618,-0.5002832,0,-0.9504275,-0.3109463,0,-0.900328,-0.435212,0,-0.8430287,-0.5378686,0,-0.9422539,-0.3348994,0,-0.9706545,-0.2404783,0
5,-0.2500331,-0.4998652,0,-0.00115335,0.009009246,0,-0.5000392,-0.2499152,0,-0.002311171,0.002792479,0,-0.5000488,-0.4999358,0,-0.003746153,0.003099443,0,-0.2500465,-0.2498851,0,-0.004763158,0.006263705,0,3.088052E-05,-0.4999574,0,-0.0005739936,0.003243984,0,-0.5000847,0.000122199,0,-0.003647806,0.003962413,0,-1.012828E-05,-0.2499318,0,-0.001334357,0.007066133,0,0.2500283,-0.4999977,0,0.001364947,0.002366305,0,-0.2500092,6.597872E-05,0,-0.0021711,0.00568036,0,-0.4999865,0.2499938,0,0.001044572,-0.003129245,0,0,0,0,0,0,0,0,0,0,0,0,0,0,0,0,0,0,0,0,0,0,0,0,0,0,0,0,0,0,0,2.605477,2.717991,2.825364,2.490264,2.390537,2.627012,2.266381,2.18172,2.392081,2.553749,-0.8702363,-0.4926345,0,-0.9174993,-0.3977373,0,-0.8878771,-0.4600807,0,-0.9037704,-0.4280175,0,-0.8484356,-0.5292986,0,-0.9442083,-0.3293489,0,-0.8865286,-0.4626738,0,-0.8212778,-0.5705284,0,-0.9344394,-0.3561221,0,-0.9668286,-0.2554258,0
6,-0.2499312,-0.4998972,0,0.005091729,-0.001603366,0,-0.5000431,-0.2499987,0,-0.0001937152,-0.004176052,0,-0.4999892,-0.5000279,0,0.002980233,-0.004605951,0,-0.2499954,-0.2499915,0,0.00255406,-0.005319717,0,-4.157352E-05,-0.4999408,0,-0.003622703,0.0008285049,0,-0.500031,1.794496E-05,0,0.00268519,-0.005212706,0,4.0016E-05,-0.2499319,0,0.002507215,-3.725292E-06,0,0.2500165,-0.4999598,0,-0.0005930664,0.001895428,0,-0.2499758,4.509889E-05,0,0.001668931,-0.001043992,0,-0.4999411,0.2500556,0,0.002270938,0.003089012,0,0,0,0,0,0,0,0,0,0,0,0,0,0,0,0,0,0,0,0,0,0,0,0,0,0,0,0,0,0,0,2.519217,2.626991,2.737338,2.400656,2.306666,2.533228,2.178526,2.100613,2.299309,2.457602,-0.8621108,-0.5067198,0,-0.9123825,-0.4093387,0,-0.8812668,-0.4726191,0,-0.8973711,-0.4412766,0,-0.8383648,-0.5451096,0,-0.9405821,-0.3395663,0,-0.8784418,-0.4778494,0,-0.8086373,-0.5883074,0,-0.9298527,-0.3679319,0,-0.9646025,-0.2637084,0
7,-0.2500357,-0.5000167,0,-0.005225839,-0.005975368,0,-0.5000984,-0.2499991,0,-0.002765657,-1.862646E-05,0,-0.5000677,-0.5000066,0,-0.003921987,0.001066924,0,-0.2500494,-0.2499641,0,-0.002700092,0.001373143,0,-8.991855E-05,-0.4999783,0,-0.002417253,-0.001874567,0,-0.5000032,-3.29135E-05,0,0.001388789,-0.002542924,0,-6.261992E-05,-0.2499576,0,-0.005131798,-0.001285971,0,0.2499693,-0.4999303,0,-0.00235811,0.001475216,0,-0.2500602,-1.797545E-05,0,-0.004218521,-0.003153719,0,-0.4999845,0.2499667,0,-0.0021711,-0.004442783,0,0,0,0,0,0,0,0,0,0,0,0,0,0,0,0,0,0,0,0,0,0,0,0,0,0,0,0,0,0,0,2.402896,2.503426,2.61816,2.27925,2.193687,2.405619,2.059939,1.9919,2.173371,2.326659,-0.8498246,-0.5270656,0,-0.9046385,-0.4261796,0,-0.8713421,-0.490676,0,-0.8876374,-0.460543,0,-0.8230378,-0.5679866,0,-0.9350572,-0.3544969,0,-0.8660281,-0.4999954,0,-0.7893362,-0.6139612,0,-0.9227964,-0.3852881,0,-0.9611703,-0.2759559,0
8,-0.2499452,-0.5000603,0,0.00452772,-0.00217557,0,-0.5000393,-0.2500307,0,0.002956392,-0.001583249,0,-0.4999749,-0.5000765,0,0.004637243,-0.003495814,0,-0.2499828,-0.2500212,0,0.003331156,-0.002858044,0,-5.520481E-05,-0.4999851,0,0.001735688,-0.0003397466,0,-0.5000476,1.993069E-05,0,-0.002220274,0.002642211,0,-5.60281E-05,-0.2500269,0,0.0003295908,-0.003465266,0,0.2499666,-0.4999755,0,-0.0001363457,-0.002263487,0,-0.2500291,2.865155E-05,0,0.001551211,0.002331351,0,-0.5000085,0.2499566,0,-0.001201034,-0.0005029144,0,0,0,0,0,0,0,0,0,0,0,0,0,0,0,0,0,0,0,0,0,0,0,0,0,0,0,0,0,0,0,2.318442,2.413328,2.531468,2.19094,2.112062,2.312456,1.973961,1.913859,2.081427,2.230808,-0.8398138,-0.5428746,0,-0.898306,-0.4393705,0,-0.8632766,-0.5047311,0,-0.8796195,-0.475678,0,-0.8105001,-0.5857385,0,-0.9305279,-0.3662209,0,-0.8557438,-0.5173998,0,-0.7734727,-0.6338296,0,-0.916954,-0.398993,0,-0.9583353,-0.2856457,0
9,-0.2499919,-0.4999461,0,-0.002334268,0.005707147,0,-0.5000214,-0.24998,0,0.00089407,0.002533943,0,-0.500029,-0.4999413,0,-0.002703072,0.00676066,0,-0.2499647,-0.2500042,0,0.0009037558,0.0008508567,0,1.775255E-05,-0.4999995,0,0.003647869,-0.0007227066,0,-0.4999323,7.453487E-05,0,0.005763771,0.00273021,0,6.223035E-05,-0.2499788,0,0.005912925,0.002408774,0,0.2500234,-0.5000464,0,0.002841653,-0.003544988,0,-0.2500066,3.497542E-05,0,0.001125038,0.0003161932,0,-0.499976,0.2499571,0,0.001627208,2.458693E-05,0,0,0,0,0,0,0,0,0,0,0,0,0,0,0,0,0,0,0,0,0,0,0,0,0,0,0,0,0,0,0,2.209386,2.296261,2.419158,2.076496,2.007062,2.190916,1.862759,1.814077,1.961896,2.105565,-0.8253075,-0.5646836,0,-0.8890825,-0.4577471,0,-0.8516545,-0.5241036,0,-0.8678648,-0.4968004,0,-0.792189,-0.6102758,0,-0.9238554,-0.3827416,0,-0.8405523,-0.5417305,0,-0.7502177,-0.6611909,0,-0.9082801,-0.4183625,0,-0.9541353,-0.2993757,0
10,-0.2500808,-0.4999619,0,-0.004445018,-0.0007897618,0,-0.5000508,-0.2499571,0,-0.001469255,0.001148135,0,-0.5000621,-0.5000055,0,-0.00165701,-0.003211201,0,-0.2500065,-0.2499977,0,-0.002086163,0.0003248454,0,-4.017887E-05,-0.4999913,0,-0.002896572,0.0004097821,0,-0.4999683,-1.255926E-05,0,-0.001797081,-0.004354708,0,1.657198E-05,-0.2499787,0,-0.002282919,2.235175E-06,0,0.2500009,-0.4999087,0,-0.001125038,0.006887319,0,-0.2499835,5.871561E-05,0,0.001156331,0.00118701,0,-0.5000302,0.2499885,0,-0.002712013,0.001569093,0,0,0,0,0,0,0,0,0,0,0,0,0,0,0,0,0,0,0,0,0,0,0,0,0,0,0,0,0,0,0,2.126546,2.206673,2.333507,1.989185,1.927697,2.097753,1.778371,1.739057,1.870301,2.009205,-0.8128312,-0.5824994,0,-0.8811218,-0.4728894,0,-0.841685,-0.5399688,0,-0.8576561,-0.5142237,0,-0.776414,-0.6302233,0,-0.9180341,-0.3965013,0,-0.827276,-0.5617957,0,-0.7301542,-0.6832825,0,-0.9006626,-0.4345192,0,-0.9504557,-0.31086,0
11,-0.2500286,-0.4998649,0,0.002610684,0.00484884,0,-0.5000219,-0.2499353,0,0.001445413,0.00109002,0,-0.4999779,-0.49992,0,0.00420809,0.004276635,0,-0.2500119,-0.2498928,0,-0.0002697111,0.005245211,0,-1.271624E-05,-0.4998992,0,0.001373132,0.004605951,0,-0.5000311,0.0001206019,0,-0.003141166,0.006658059,0,1.366961E-05,-0.2498603,0,-0.0001451187,0.005921724,0,0.2500122,-0.4999617,0,0.0005662444,-0.002649427,0,-0.2500104,5.451601E-05,0,-0.001344085,-0.0002099799,0,-0.4999837,0.2499468,0,0.002324582,-0.002085418,0,0,0,0,0,0,0,0,0,0,0,0,0,0,0,0,0,0,0,0,0,0,0,0,0,0,0,0,0,0,0,2.018928,2.089552,2.221765,1.87541,1.825292,1.975528,1.66895,1.643372,1.750606,1.882406,-0.7944363,-0.6073475,0,-0.869309,-0.4942689,0,-0.8270653,-0.5621058,0,-0.8424278,-0.5388092,0,-0.7530718,-0.6579384,0,-0.9093536,-0.4160241,0,-0.8073426,-0.5900829,0,-0.700339,-0.7138104,0,-0.8891426,-0.4576302,0,-0.944878,-0.3274224,0
12,-0.2500755,-0.4998749,0,-0.002348424,-0.000497699,0,-0.5000435,-0.2499045,0,-0.001081825,0.001541526,0,-0.5000889,-0.499894,0,-0.005546215,0.001299382,0,-0.2500651,-0.249926,0,-0.002664329,-0.001662225,0,-6.663179E-05,-0.4999431,0,-0.002695779,-0.002193452,0,-0.5000747,0.0001089805,0,-0.002178551,-0.0005810673,0,-3.719106E-05,-0.2498986,0,-0.002543034,-0.001915545,0,0.2499088,-0.4999533,0,-0.00517294,0.0004187228,0,-0.2500464,0.0001150371,0,-0.001801551,0.003026055,0,-0.499994,0.2499651,0,-0.00051111,0.0009141866,0,0,0,0,0,0,0,0,0,0,0,0,0,0,0,0,0,0,0,0,0,0,0,0,0,0,0,0,0,0,0,1.941927,2.004925,2.141452,1.793613,1.752564,1.886903,1.59078,1.576056,1.664034,1.790139,-0.7794189,-0.6265031,0,-0.8596075,-0.5109551,0,-0.8151948,-0.5791868,0,-0.8298147,-0.5580391,0,-0.7339526,-0.6792006,0,-0.9021245,-0.4314758,0,-0.7907315,-0.612163,0,-0.6759453,-0.7369519,0,-0.8794941,-0.4759097,0,-0.9402062,-0.3406059,0
13,-0.2500342,-0.4999934,0,0.002065302,-0.005923214,0,-0.4999989,-0.2499784,0,0.002230705,-0.003696234,0,-0.500015,-0.4999564,0,0.003692509,-0.003121794,0,-0.2499619,-0.2500113,0,0.005161019,-0.004260989,0,-2.469806E-05,-0.4999523,0,0.002096687,-0.0004619362,0,-0.5000924,3.031144E-05,0,-0.0008851293,-0.003933456,0,5.499007E-05,-0.2499391,0,0.004609059,-0.002027304,0,0.2500259,-0.4999793,0,0.005853924,-0.001297892,0,-0.2500443,-2.733621E-05,0,0.0001072884,-0.007118668,0,-0.4999808,0.2499899,0,0.0006571414,0.001239032,0,0,0,0,0,0,0,0,0,0,0,0,0,0,0,0,0,0,0,0,0,0,0,0,0,0,0,0,0,0,0,1.837763,1.889297,2.03204,1.682299,1.654926,1.765305,1.485183,1.486803,1.545788,1.663039,-0.7560889,-0.6544688,0,-0.8443999,-0.5357135,0,-0.7968033,-0.6042387,0,-0.8099185,-0.5865424,0,-0.7042226,-0.7099792,0,-0.8906592,-0.4546715,0,-0.7643968,-0.6447461,0,-0.6379581,-0.7700711,0,-0.8640029,-0.5034868,0,-0.9327172,-0.3606085,0
14,-0.24996,-0.4999299,0,0.003711136,0.003173948,0,-0.4999574,-0.2499409,0,0.002072752,0.001871587,0,-0.5000119,-0.4998486,0,0.0001549721,0.005389752,0,-0.2499705,-0.2499292,0,-0.0004306437,0.004103781,0,0.0001039433,-0.5000168,0,0.00643207,-0.003224612,0,-0.4999185,9.38916E-05,0,0.008696321,0.003179009,0,0.0001049649,-0.2499712,0,0.002498742,-0.001603366,0,0.2501037,-0.5000004,0,0.003892185,-0.001055003,0,-0.249927,7.791688E-05,0,0.005866589,0.005262657,0,-0.5000404,0.2500243,0,-0.002980233,0.001721085,0,0,0,0,0,0,0,0,0,0,0,0,0,0,0,0,0,0,0,0,0,0,0,0,0,0,0,0,0,0,0,1.763059,1.805486,1.953093,1.602143,1.585723,1.676597,1.409872,1.424563,1.459944,1.570193,-0.7368602,-0.6760452,0,-0.8317357,-0.5551718,0,-0.7817111,-0.6236407,0,-0.7932709,-0.6088688,0,-0.6796175,-0.7335666,0,-0.8809698,-0.4731725,0,-0.7421925,-0.6701867,0,-0.6066282,-0.7949857,0,-0.8508025,-0.5254856,0,-0.926309,-0.3767647,0
15,-0.2500375,-0.4999247,0,-0.003876539,0.0002607704,0,-0.4999959,-0.2499374,0,-0.001925231,0.0001773239,0,-0.5000972,-0.4998896,0,-0.004264714,-0.002051891,0,-0.2500059,-0.2499521,0,-0.001768023,-0.001146645,0,6.672701E-06,-0.49996,0,-0.004863532,0.002840162,0,-0.4999278,0.0001091231,0,-0.0004693868,0.0007615762,0,-4.647367E-06,-0.2499201,0,-0.005480614,0.002554805,0,0.2499987,-0.4999889,0,-0.005251916,0.0005707147,0,-0.2500417,7.053649E-05,0,-0.005735459,-0.0003690193,0,-0.5000151,0.2499455,0,0.001263619,-0.003941359,0,0,0,0,0,0,0,0,0,0,0,0,0,0,0,0,0,0,0,0,0,0,0,0,0,0,0,0,0,0,0,1.668556,1.697952,1.852377,1.500037,1.499174,1.562325,1.314978,1.348212,1.350064,1.449694,-0.7087062,-0.7055037,0,-0.8129512,-0.5823318,0,-0.759627,-0.650359,0,-0.7684047,-0.6399642,0,-0.6436785,-0.7652961,0,-0.8663812,-0.4993834,0,-0.7090096,-0.7051988,0,-0.5609924,-0.827821,0,-0.8307139,-0.5566995,0,-0.9164755,-0.4000907,0
16,-0.2500278,-0.4999662,0,0.0004857781,-0.002077223,0,-0.5000589,-0.2499862,0,-0.003147126,-0.002439321,0,-0.4999831,-0.5000136,0,0.005704167,-0.006200376,0,-0.2500032,-0.2499681,0,0.0001370907,-0.0008009377,0,-4.61061E-05,-0.4999582,0,-0.002638941,9.238724E-05,0,-0.4999947,3.378282E-05,0,-0.003340842,-0.003767016,0,-9.127649E-05,-0.2499189,0,-0.004331458,6.183984E-05,0,0.2499997,-0.4999177,0,4.991891E-05,0.003562869,0,-0.2500309,5.274449E-05,0,0.000536442,-0.0008896008,0,-0.5000595,0.2500569,0,-0.002220274,0.005573037,0,0,0,0,0,0,0,0,0,0,0,0,0,0,0,0,0,0,0,0,0,0,0,0,0,0,0,0,0,0,0,1.596798,1.615096,1.775072,1.421981,1.434472,1.473799,1.243477,1.292364,1.26538,1.355688,-0.6838017,-0.729668,0,-0.7960986,-0.605167,0,-0.7400861,-0.6725121,0,-0.745985,-0.6659628,0,-0.6119561,-0.7908917,0,-0.853056,-0.5218194,0,-0.6790211,-0.7341188,0,-0.5209692,-0.8535755,0,-0.8121749,-0.5834141,0,-0.9073859,-0.4202985,0
17,-0.2500289,-0.4999391,0,-5.36442E-05,0.001357496,0,-0.4999967,-0.2499023,0,0.003108383,0.004193934,0,-0.5000669,-0.4999226,0,-0.004187228,0.004553797,0,-0.2499675,-0.2499619,0,0.00178516,0.0003136696,0,-6.801161E-05,-0.500022,0,-0.001095276,-0.00319183,0,-0.4999605,0.0001026101,0,0.001707674,0.003441365,0,-1.710273E-05,-0.2500055,0,0.003708689,-0.004331769,0,0.2499852,-0.5001184,0,-0.0007219616,-0.01003743,0,-0.2499709,6.897666E-05,0,0.00300184,0.000811609,0,-0.4999914,0.2499983,0,0.003407897,-0.002930315,0,0,0,0,0,0,0,0,0,0,0,0,0,0,0,0,0,0,0,0,0,0,0,0,0,0,0,0,0,0,0,1.508353,1.510932,1.678665,1.325078,1.356282,1.361794,1.156238,1.22712,1.159329,1.236112,-0.6478263,-0.761788,0,-0.7712998,-0.6364721,0,-0.7119507,-0.7022294,0,-0.7128476,-0.701319,0,-0.5662408,-0.8242398,0,-0.8330652,-0.5531748,0,-0.634602,-0.7728391,0,-0.4638067,-0.8859364,0,-0.7840552,-0.6206911,0,-0.8933907,-0.4492807,0
18,-0.2500521,-0.4999461,0,-0.001160801,-0.0003531577,0,-0.5000075,-0.2499546,0,-0.000536442,-0.00261292,0,-0.5000548,-0.4998849,0,0.0006020071,0.001882017,0,-0.2500216,-0.2500087,0,-0.002707542,-0.002340228,0,-3.992463E-05,-0.4999791,0,0.001404349,0.002142788,0,-0.4999923,9.305519E-05,0,-0.001586974,-0.0004777458,0,5.888609E-05,-0.2499316,0,0.003799442,0.003693999,0,0.2499922,-0.5000421,0,0.0003471972,0.003817679,0,-0.2499697,3.818479E-05,0,6.183984E-05,-0.001539594,0,-0.4999572,0.2499776,0,0.001710654,-0.001034141,0,0,0,0,0,0,0,0,0,0,0,0,0,0,0,0,0,0,0,0,0,0,0,0,0,0,0,0,0,0,0,1.444583,1.434286,1.608047,1.254713,1.301067,1.278719,1.094065,1.182663,1.081547,1.146653,-0.617242,-0.7867734,0,-0.7497515,-0.6617195,0,-0.6879737,-0.7257356,0,-0.6840138,-0.7294691,0,-0.5276129,-0.8494849,0,-0.8153162,-0.579016,0,-0.5960657,-0.8029357,0,-0.4161462,-0.9092977,0,-0.7588745,-0.6512368,0,-0.8806854,-0.4737017,0
19,-0.2499628,-0.5000907,0,0.00446588,-0.007227066,0,-0.5000253,-0.250017,0,-0.00089407,-0.003122539,0,-0.5000192,-0.5000858,0,0.00178218,-0.01004488,0,-0.2499927,-0.250023,0,0.001443178,-0.0007182363,0,-7.135583E-05,-0.499944,0,-0.001571561,0.001756848,0,-0.5000347,-5.203151E-05,0,-0.002121926,-0.007254338,0,-9.808761E-05,-0.2499405,0,-0.007848687,-0.0004425647,0,0.2499834,-0.49995,0,-0.0004388394,0.004605951,0,-0.2501004,-3.070049E-05,0,-0.006538632,-0.003444265,0,-0.5000046,0.2500562,0,-0.002370776,0.003930183,0,0,0,0,0,0,0,0,0,0,0,0,0,0,0,0,0,0,0,0,0,0,0,0,0,0,0,0,0,0,0,1.367118,1.338769,1.520835,1.168375,1.235899,1.174414,1.020168,1.132708,0.9853317,1.03326,-0.5730888,-0.8194933,0,-0.7179187,-0.696127,0,-0.6532352,-0.7571551,0,-0.6413752,-0.7672274,0,-0.4724542,-0.8813552,0,-0.7883931,-0.6151717,0,-0.5395193,-0.8419733,0,-0.3491611,-0.9370627,0,-0.7204869,-0.6934685,0,-0.8609538,-0.5086832,0
20,-0.2499496,-0.4998873,0,0.0006608667,0.01016856,0,-0.4999707,-0.2499664,0,0.002729894,0.002533198,0,-0.4999499,-0.4999642,0,0.003466011,0.006079676,0,-0.250012,-0.2499751,0,-0.0009633605,0.002396853,0,3.149738E-05,-0.4999423,0,0.005142662,8.642677E-05,0,-0.4999358,4.774613E-05,0,0.004942717,0.004988884,0,2.090136E-05,-0.2499273,0,0.005949451,0.0006601217,0,0.2500859,-0.4999371,0,0.005126001,0.0006422403,0,-0.24992,8.318569E-05,0,0.009021167,0.005694311,0,-0.4999542,0.2499486,0,0.002519787,-0.005380812,0,0,0,0,0,0,0,0,0,0,0,0,0,0,0,0,0,0,0,0,0,0,0,0,0,0,0,0,0,0,0,1.309838,1.266151,1.454921,1.104187,1.189598,1.094268,0.9670541,1.099594,0.9126674,0.9454809,-0.5342646,-0.8453174,0,-0.6890426,-0.7247208,0,-0.6224971,-0.7826221,0,-0.6027943,-0.7978966,0,-0.4243323,-0.9055066,0,-0.7633083,-0.6460344,0,-0.4887084,-0.8724472,0,-0.2918845,-0.9564536,0,-0.6844516,-0.7290582,0,-0.8418905,-0.5396483,0
21,-0.2499934,-0.5000296,0,-0.002189727,-0.007113817,0,-0.5000799,-0.2499639,0,-0.005456808,0.0001244247,0,-0.5000374,-0.499978,0,-0.004374983,-0.0006884339,0,-0.2500594,-0.2500012,0,-0.002367795,-0.001304597,0,-4.201736E-05,-0.5000174,0,-0.003675739,-0.003756584,0,-0.5000793,1.303418E-05,0,-0.007174912,-0.001735598,0,-6.182949E-05,-0.2499911,0,-0.004136544,-0.003191085,0,0.2499842,-0.4999453,0,-0.005086513,-0.0004068019,0,-0.2500512,-2.325511E-05,0,-0.006558004,-0.005322042,0,-0.5000009,0.2499459,0,-0.002335013,-0.0001356006,0,0,0,0,0,0,0,0,0,0,0,0,0,0,0,0,0,0,0,0,0,0,0,0,0,0,0,0,0,0,0,1.242373,1.1771,1.374859,1.027543,1.137556,0.9950683,0.906782,1.065896,0.8251108,0.8351669,-0.4784229,-0.8781295,0,-0.6461616,-0.7632006,0,-0.5779821,-0.8160495,0,-0.5457504,-0.8379477,0,-0.3564092,-0.93433,0,-0.7248346,-0.688923,0,-0.4148899,-0.9098716,0,-0.2130497,-0.9770414,0,-0.6291165,-0.777311,0,-0.811583,-0.5842371,0
22,-0.2500439,-0.4999615,0,-0.002528728,0.003401936,0,-0.5000023,-0.249935,0,0.003877284,0.001445413,0,-0.5000802,-0.4998834,0,-0.002139808,0.00472814,0,-0.2499837,-0.249988,0,0.003784151,0.0006616118,0,-4.72803E-05,-0.49993,0,-0.0002631471,0.004372003,0,-0.4999914,9.425972E-05,0,0.004395844,0.004061279,0,-2.284148E-05,-0.2499106,0,0.001949401,0.00402406,0,0.2500013,-0.4999765,0,0.0008545819,-0.001564623,0,-0.2499793,6.353005E-05,0,0.003593416,0.00433926,0,-0.5000132,0.2500567,0,-0.0006139281,0.005540254,0,0,0,0,0,0,0,0,0,0,0,0,0,0,0,0,0,0,0,0,0,0,0,0,0,0,0,0,0,0,0,1.196847,1.114335,1.318939,0.9753947,1.104613,0.9242638,0.8682996,1.047735,0.7645882,0.7554585,-0.4324677,-0.9016494,0,-0.609409,-0.792856,0,-0.5409021,-0.8410856,0,-0.4973391,-0.8675563,0,-0.3015276,-0.9534574,0,-0.6907282,-0.7231144,0,-0.3535853,-0.9354023,0,-0.1510507,-0.988526,0,-0.580242,-0.8144441,0,-0.7836189,-0.6212417,0
23,-0.2499559,-0.5000207,0,0.00440106,-0.002957882,0,-0.5000378,-0.2499579,0,-0.001773239,-0.001145155,0,-0.4999874,-0.4999438,0,0.004637243,-0.003017486,0,-0.2500826,-0.2500128,0,-0.004947932,-0.001239777,0,-3.092383E-05,-0.4999619,0,0.0008178238,-0.001598895,0,-0.5000425,3.112344E-05,0,-0.00255406,-0.003156815,0,3.864981E-05,-0.2500162,0,0.003074566,-0.005276503,0,0.250023,-0.499861,0,0.001084805,0.005778673,0,-0.2500217,4.371937E-05,0,-0.002121181,-0.0009905343,0,-0.4999712,0.2499458,0,0.002098084,-0.005546215,0,0,0,0,0,0,0,0,0,0,0,0,0,0,0,0,0,0,0,0,0,0,0,0,0,0,0,0,0,0,0,1.143835,1.037099,1.250721,0.9141483,1.069731,0.8361236,0.8272767,1.033194,0.6925266,0.6544495,-0.3656235,-0.9307628,0,-0.5537096,-0.8327098,0,-0.4861175,-0.8738934,0,-0.4250979,-0.9051474,0,-0.2236688,-0.9746652,0,-0.6370004,-0.7708635,0,-0.264474,-0.9643928,0,-0.06590544,-0.9978259,0,-0.5040479,-0.8636757,0,-0.7371826,-0.6756937,0
24,-0.2500165,-0.4999771,0,-0.003031642,0.002178551,0,-0.5001283,-0.2500007,0,-0.004526975,-0.002142788,0,-0.5000758,-0.5000507,0,-0.004419686,-0.005346539,0,-0.2500713,-0.2500184,0,0.0005647542,-0.0002831222,0,-0.0001003901,-0.4999737,0,-0.003473315,-0.000587106,0,-0.5000272,-4.950015E-05,0,0.00076592,-0.004031181,0,-6.417824E-05,-0.2499599,0,-0.005141404,0.002814085,0,0.2499551,-0.5000185,0,-0.003395231,-0.007878247,0,-0.2500439,3.379861E-05,0,-0.001107157,-0.0004960382,0,-0.4999429,0.2499835,0,0.001417101,0.001887233,0,0,0,0,0,0,0,0,0,0,0,0,0,0,0,0,0,0,0,0,0,0,0,0,0,0,0,0,0,0,0,1.109775,0.983876,1.204248,0.8744262,1.050366,0.7744944,0.8042599,1.030019,0.6451651,0.5824201,-0.3109411,-0.9504292,0,-0.5058759,-0.8626062,0,-0.4404314,-0.8977863,0,-0.3642248,-0.931311,0,-0.1616581,-0.9868469,0,-0.5889048,-0.8082024,0,-0.1921342,-0.9813687,0,-0.0003749301,-0.9999999,0,-0.4371183,-0.899404,0,-0.6933275,-0.7206226,0
25,-0.2170024,-0.4844911,-0.04742192,1.650707,0.7742989,-2.371097,-0.4817975,-0.251886,-0.03165468,0.9165425,-0.09426329,-1.582735,-0.4616072,-0.4991144,0.001865676,1.923429,0.04681798,0.09328382,-0.2415729,-0.2402884,-0.1039803,0.4249202,0.4865007,-5.199016,0.01175238,-0.4801751,-0.154508,0.5926387,0.9899307,-7.725404,-0.4920574,-0.002391611,-0.01851392,0.3984885,-0.1171056,-0.9256963,0.01073973,-0.2320202,-0.1261076,0.5401958,0.8969839,-6.305383,0.2355689,-0.4941022,-0.04437191,-0.7193069,0.295818,-2.218596,-0.2475146,0.006782565,-0.06358462,0.126464,0.3374385,-3.179232,-0.4998052,0.2500328,-0.005554944,0.006884339,0.002462418,-0.2777473,0,0,0,0,0,0,0,0,0,0,0,0,0,0,0,0,0,0,0,0,0,0,0,0,0,0,0,0,0,0,1.051573,0.9151301,1.134866,0.8239713,1.021691,0.6987175,0.7727348,1.029364,0.5880104,0.4942954,-0.2151599,-0.9761004,-0.03056377,-0.4230222,-0.9058432,-0.02236874,-0.3538155,-0.9353145,0.001141179,-0.2707059,-0.9594531,-0.07853665,-0.06905576,-0.9924321,-0.1015371,-0.5079523,-0.8612468,-0.01544477,-0.08335923,-0.9915814,-0.09908396,0.07763686,-0.9965594,-0.0290133,-0.3348759,-0.9404482,-0.05844118,-0.6201769,-0.7844421,-0.005586814
26,-0.2160378,-0.4720387,-0.191706,0.0482321,0.6226199,-7.214209,-0.4601676,-0.2430123,-0.08433621,1.081492,0.4436837,-2.634078,-0.3946254,-0.4796099,-0.0169166,3.349094,0.9752218,-0.9391141,-0.232537,-0.2211569,-0.1879447,0.4517997,0.9565752,-4.198223,0.02408447,-0.4520304,-0.2705709,0.6166049,1.407235,-5.803145,-0.4871151,0.004259,-0.1082893,0.2471165,0.3325307,-4.488772,0.01977126,-0.2106718,-0.2057462,0.4515768,1.06742,-3.981934,0.2470157,-0.4767033,-0.1605755,0.5723382,0.8699421,-5.810182,-0.2397693,0.02159539,-0.1281769,0.3872627,0.7406414,-3.229613,-0.4970268,0.2570913,-0.05898752,0.1389176,0.3529237,-2.67163,0,0,0,0,0,0,0,0,0,0,0,0,0,0,0,0,0,0,0,0,0,0,0,0,0,0,0,0,0,0,1.032198,0.8624567,1.06507,0.7897559,1.006539,0.6484693,0.7576172,1.03245,0.5486842,0.4306389,-0.1527267,-0.9803163,-0.1251183,-0.3509377,-0.9343507,-0.06190011,-0.2636273,-0.964564,-0.01080885,-0.194228,-0.9700726,-0.1457211,0.004058812,-0.9837318,-0.1795976,-0.4397896,-0.8931375,-0.09429012,0.001432512,-0.9865257,-0.1636001,0.149464,-0.9831993,-0.1047835,-0.2457738,-0.9615903,-0.1222264,-0.5533795,-0.8305141,-0.0633839
27,-0.2302243,-0.4194444,-0.3893663,-0.7093239,2.629716,-9.883018,-0.4352265,-0.2259957,-0.1786233,1.247056,0.8508306,-4.714355,-0.3541843,-0.4674217,-0.1754548,2.022054,0.6094145,-7.926914,-0.2383298,-0.1731975,-0.3260209,-0.2896414,2.397973,-6.903814,0.02226935,-0.406707,-0.4099847,-0.09075602,2.266168,-6.970693,-0.4809198,0.01932037,-0.1665594,0.3097625,0.753069,-2.913505,0.01450892,-0.1779199,-0.3059967,-0.2631175,1.637596,-5.012524,0.2352498,-0.4488527,-0.2836594,-0.5882958,1.39253,-6.154198,-0.2384127,0.05652419,-0.2239155,0.06783161,1.746441,-4.786933,-0.4976344,0.2680401,-0.09308182,-0.03037603,0.5474436,-1.704715,0,0,0,0,0,0,0,0,0,0,0,0,0,0,0,0,0,0,0,0,0,0,0,0,0,0,0,0,0,0,1.005246,0.8084196,1.026517,0.7526685,1.000355,0.5877022,0.75279,1.046014,0.5064881,0.3576937,-0.07653323,-0.9629284,-0.2586728,-0.2447255,-0.9599334,-0.1365183,-0.1566713,-0.98094,-0.114938,-0.09843538,-0.9605075,-0.2602611,0.09150653,-0.9575784,-0.2732585,-0.3363944,-0.9291878,-0.1531296,0.1033947,-0.9641838,-0.2442522,0.226565,-0.9565585,-0.1834779,-0.1225944,-0.9672005,-0.2224721,-0.4460933,-0.8883822,-0.1085257
28,-0.2539615,-0.3427376,-0.5292743,-1.186864,3.835344,-6.995402,-0.4632851,-0.1916249,-0.2891455,-1.402931,1.71854,-5.526115,-0.4231723,-0.4281203,-0.3652589,-3.449401,1.965071,-9.490209,-0.2530929,-0.1223529,-0.4061799,-0.7381583,2.542231,-4.00795,-0.006309311,-0.3666507,-0.4881515,-1.428934,2.00282,-3.908342,-0.4907624,0.04454806,-0.2120638,-0.4921274,1.261385,-2.275221,-0.0007241004,-0.1385537,-0.3853068,-0.7616512,1.968312,-3.965508,0.2108987,-0.417622,-0.3731365,-1.217557,1.561537,-4.473856,-0.2500987,0.08278289,-0.2624739,-0.5843001,1.312935,-1.92792,-0.4996904,0.2723187,-0.1033565,-0.1028017,0.2139301,-0.5137326,0,0,0,0,0,0,0,0,0,0,0,0,0,0,0,0,0,0,0,0,0,0,0,0,0,0,0,0,0,0,0.9717258,0.7794915,1.017376,0.722404,0.9942943,0.5447749,0.749137,1.05471,0.4835,0.315608,-0.02576115,-0.93274,-0.3596283,-0.1932306,-0.9547737,-0.2259847,-0.1365016,-0.9609487,-0.2407175,-0.03030485,-0.9426939,-0.3322796,0.1403598,-0.9346557,-0.3266769,-0.262941,-0.9432194,-0.2029756,0.1723783,-0.9354887,-0.3084584,0.274615,-0.9311202,-0.2400039,-0.03462178,-0.9631084,-0.2668773,-0.3477678,-0.9289773,-0.1267232
29,-0.2540725,-0.2554356,-0.6440688,-0.005546215,4.365098,-5.73973,-0.5017194,-0.09729519,-0.4448863,-1.921714,4.716489,-7.78704,-0.4982782,-0.2919206,-0.6051607,-3.755295,6.809987,-11.99509,-0.2549502,-0.07037061,-0.4740366,-0.09286258,2.599115,-3.392835,-0.01332066,-0.3022811,-0.5857021,-0.3505676,3.218482,-4.877531,-0.4994399,0.07275453,-0.2616825,-0.4338758,1.410324,-2.480934,-0.004373672,-0.0841355,-0.4644465,-0.1824787,2.720909,-3.956985,0.2083414,-0.3635299,-0.4864607,-0.1278624,2.704608,-5.666212,-0.2503347,0.08861887,-0.2811702,-0.01180172,0.2917995,-0.9348173,-0.4988702,0.2729262,-0.1047029,0.04101099,0.03037603,-0.06732348,0,0,0,0,0,0,0,0,0,0,0,0,0,0,0,0,0,0,0,0,0,0,0,0,0,0,0,0,0,0,0.940932,0.7214231,0.9614425,0.7018629,0.9936759,0.5036256,0.7554494,1.077913,0.4874706,0.2787302,0.066259,-0.8920863,-0.4469807,-0.124586,-0.9229358,-0.364236,-0.10177,-0.9045314,-0.4140845,0.07870863,-0.9155541,-0.3944182,0.2251,-0.8919478,-0.3921212,-0.1493512,-0.9537874,-0.2607371,0.2749402,-0.8874396,-0.3699444,0.3535611,-0.8831475,-0.3082938,0.1004713,-0.9533257,-0.2847378,-0.1917519,-0.97219,-0.1344534
30,-0.2464868,-0.2231156,-0.6803783,0.3792839,1.616003,-1.815475,-0.4966868,-0.07128576,-0.4836278,0.251633,1.300472,-1.937077,-0.4939629,-0.1958741,-0.7021123,0.2157644,4.802328,-4.847579,-0.2479193,-0.05103786,-0.4974163,0.3515446,0.9666378,-1.168985,0.000534757,-0.261884,-0.6378605,0.6927711,2.019852,-2.607925,-0.4983591,0.09771015,-0.2994159,0.05403908,1.247781,-1.886672,0.003089829,-0.0626291,-0.4874569,0.3731752,1.075321,-1.150522,0.2240119,-0.3282804,-0.5470993,0.7835257,1.762476,-3.031932,-0.248856,0.09794909,-0.2968233,0.07393587,0.4665108,-0.782657,-0.4994883,0.2898871,-0.1354224,-0.03090651,0.8480448,-1.535976,0,0,0,0,0,0,0,0,0,0,0,0,0,0,0,0,0,0,0,0,0,0,0,0,0,0,0,0,0,0,0.9403855,0.7036974,0.9133805,0.7070549,1.009632,0.4803744,0.7794217,1.112079,0.4986793,0.2540133,0.1414264,-0.8699862,-0.4723585,-0.03862389,-0.914919,-0.4017852,-0.03096663,-0.8673348,-0.496761,0.1675781,-0.8955996,-0.4120908,0.2985695,-0.8557611,-0.4225273,-0.049128,-0.9509529,-0.3054097,0.3542891,-0.8540023,-0.3809979,0.4182222,-0.8425644,-0.339375,0.2016055,-0.9332834,-0.2972158,-0.0653742,-0.9815647,-0.1796022